交易额,商户名称,交易日期,交易时间,星期,是否为工作日,气温,气象站大气压,海平面大气压,相对湿度,平均风速,时段,天气好/坏
8.9,淘乐学苑水果,2023/4/25,18:02,2,1,7,742.7,755.4,66,10,3,0
11.84,美食林小猪憨尼麻辣烫,2023/4/25,17:35,2,1,7,742.7,755.4,66,10,3,0
13,美食林川蜀源烤鱼,2023/4/25,11:46,2,1,7,742.7,755.4,66,10,1,0
2.65,学苑食堂副食一组,2023/4/25,7:49,2,1,7,742.7,755.4,66,10,0,0
18.4,紫丁香餐吧机器人收银组,2023/4/24,17:57,1,1,14,754,766.6,14,7,3,0
18.4,紫丁香餐吧机器人收银组,2023/4/24,11:27,1,1,14,754,766.6,14,7,1,0
2.25,学苑食堂副食一组,2023/4/24,7:43,1,1,14,754,766.6,14,7,0,0
8.9,淘乐学苑水果,2023/4/23,17:52,7,1,10,758.3,771.1,19,8,3,0
16.7,回味斋一餐厅副食一组,2023/4/23,17:36,7,1,10,758.3,771.1,19,8,3,0
20.4,紫丁香餐吧机器人收银组,2023/4/23,11:42,7,1,10,758.3,771.1,19,8,1,0
5.1,百味佳副食一组,2023/4/23,8:59,7,1,10,758.3,771.1,19,8,0,0
9.3,淘乐学苑水果,2023/4/22,17:58,6,0,11,755.4,768.1,17,7,3,0
16.4,紫丁香餐吧机器人收银组,2023/4/22,17:40,6,0,11,755.4,768.1,17,7,3,0
15.6,紫丁香餐吧机器人收银组,2023/4/22,11:35,6,0,11,755.4,768.1,17,7,1,0
2.1,百味佳副食一组,2023/4/22,9:13,6,0,11,755.4,768.1,17,7,0,0
9.7,淘乐学苑水果,2023/4/21,17:50,5,1,10,750.1,762.8,22,9,3,0
10,学苑食堂真牛铁板,2023/4/21,17:33,5,1,10,750.1,762.8,22,9,3,0
17.4,紫丁香餐吧机器人收银组,2023/4/21,11:51,5,1,10,750.1,762.8,22,9,1,0
2.6,学苑食堂副食一组,2023/4/21,7:45,5,1,10,750.1,762.8,22,9,0,0
8.6,淘乐学苑水果,2023/4/20,18:21,4,1,11,741.4,753.9,12,13,3,1
22.4,紫丁香餐吧机器人收银组,2023/4/20,18:03,4,1,11,741.4,753.9,12,13,3,1
13,美食林蜀香麻辣烫(川香麻辣烫),2023/4/20,11:29,4,1,11,741.4,753.9,12,13,1,1
3.5,百味佳副食一组,2023/4/20,7:43,4,1,11,741.4,753.9,12,13,0,1
9.7,淘乐学苑水果,2023/4/19,17:48,3,1,15,739.3,751.6,31,5,3,0
10,学苑食堂真牛铁板,2023/4/19,17:33,3,1,15,739.3,751.6,31,5,3,0
20.4,紫丁香餐吧机器人收银组,2023/4/19,11:16,3,1,15,739.3,751.6,31,5,1,0
5.1,百味佳副食一组,2023/4/19,7:32,3,1,15,739.3,751.6,31,5,0,0
12,美食林川蜀源烤鱼,2023/4/18,11:42,2,1,11,740.6,753.1,44,8,1,0
1.65,学苑食堂副食一组,2023/4/18,7:42,2,1,11,740.6,753.1,44,8,0,0
9,淘乐学苑水果,2023/4/17,18:12,1,1,16,745.4,757.7,39,4,3,0
13,阳光广式猪脚饭,2023/4/17,17:49,1,1,16,745.4,757.7,39,4,3,0
16.6,紫丁香餐吧机器人收银组,2023/4/17,11:57,1,1,16,745.4,757.7,39,4,1,0
1.65,学苑食堂副食一组,2023/4/17,7:45,1,1,16,745.4,757.7,39,4,0,0
12,学苑食堂香恋香拌砂锅,2023/4/16,18:08,7,0,13,739.9,752.3,44,4,3,0
9.4,淘乐学苑水果,2023/4/16,18:07,7,0,13,739.9,752.3,44,4,3,0
18.6,紫丁香餐吧机器人收银组,2023/4/16,11:54,7,0,13,739.9,752.3,44,4,1,0
2.95,百味佳副食一组,2023/4/16,9:08,7,0,13,739.9,752.3,44,4,0,0
10.2,淘乐学苑水果,2023/4/15,17:56,6,0,13,741.5,753.9,33,5,3,0
10,民族餐厅山西面,2023/4/15,17:40,6,0,13,741.5,753.9,33,5,3,0
5,百味佳副食一组,2023/4/15,8:18,6,0,13,741.5,753.9,33,5,0,0
10.2,淘乐学苑水果,2023/4/14,17:42,5,1,12,748.6,761.2,30,2,3,0
2,学苑食堂重庆小面,2023/4/14,17:30,5,1,12,748.6,761.2,30,2,3,0
8,学苑食堂重庆小面,2023/4/14,17:29,5,1,12,748.6,761.2,30,2,3,0
17.4,紫丁香餐吧机器人收银组,2023/4/14,11:52,5,1,12,748.6,761.2,30,2,1,0
1.25,学苑食堂副食一组,2023/4/14,7:45,5,1,12,748.6,761.2,30,2,0,0
6.8,淘乐学苑水果,2023/4/13,17:22,4,1,11,745.1,757.7,30,5,3,0
14.6,紫丁香餐吧机器人收银组,2023/4/13,17:08,4,1,11,745.1,757.7,30,5,3,0
11,美食林阿咪酱骨扒肉,2023/4/13,11:31,4,1,11,745.1,757.7,30,5,1,0
5.1,百味佳副食一组,2023/4/13,7:42,4,1,11,745.1,757.7,30,5,0,0
20.4,紫丁香餐吧机器人收银组,2023/4/12,17:36,3,1,8,740.5,753.1,32,8,3,0
9.2,百味佳副食一组,2023/4/12,11:44,3,1,8,740.5,753.1,32,8,1,0
3.6,百味佳副食一组,2023/4/12,8:56,3,1,8,740.5,753.1,32,8,0,0
17.4,紫丁香餐吧机器人收银组,2023/4/11,17:49,2,1,9,732.3,744.7,34,6,3,0
13,美食林川蜀源烤鱼,2023/4/11,11:42,2,1,9,732.3,744.7,34,6,1,0
1.83,学苑食堂副食一组,2023/4/11,7:38,2,1,9,732.3,744.7,34,6,0,0
10,学院食堂陕西名小吃,2023/4/10,18:06,1,1,17,733.4,745.5,52,13,3,1
8,淘乐学苑水果,2023/4/10,18:03,1,1,17,733.4,745.5,52,13,3,1
12,美食林阿咪酱骨扒肉,2023/4/10,11:42,1,1,17,733.4,745.5,52,13,1,1
3.5,百味佳副食一组,2023/4/10,9:07,1,1,17,733.4,745.5,52,13,0,1
11.45,学苑食堂副食一组,2023/4/9,17:39,7,0,19,738,750.1,26,10,3,0
3.5,百味佳副食一组,2023/4/9,9:04,7,0,19,738,750.1,26,10,0,0
12,学苑食堂香恋香拌砂锅,2023/4/8,18:34,6,0,9,746.3,759,29,7,3,0
18,学苑食堂副食二组,2023/4/8,11:47,6,0,9,746.3,759,29,7,1,0
3,百味佳副食一组,2023/4/8,9:17,6,0,9,746.3,759,29,7,0,0
7.3,淘乐学苑水果,2023/4/7,17:46,5,1,3,743.3,756.2,30,9,3,0
10,美食林阿咪酱骨扒肉,2023/4/7,17:31,5,1,3,743.3,756.2,30,9,3,0
14,学苑食堂副食二组,2023/4/7,11:49,5,1,3,743.3,756.2,30,9,1,0
1.65,学苑食堂副食一组,2023/4/7,7:46,5,1,3,743.3,756.2,30,9,0,0
6,淘乐学苑水果,2023/4/6,17:56,4,1,11,742.1,754.6,22,2,3,0
13.73,阳光副食二组,2023/4/6,17:35,4,1,11,742.1,754.6,22,2,3,0
11,美食林阿咪酱骨扒肉,2023/4/6,11:32,4,1,11,742.1,754.6,22,2,1,0
5.25,学苑食堂副食一组,2023/4/6,7:45,4,1,11,742.1,754.6,22,2,0,0
0.1,淘乐学苑水果,2023/4/5,17:53,3,0,10,750.1,762.8,24,1,3,0
5.8,淘乐学苑水果,2023/4/5,17:53,3,0,10,750.1,762.8,24,1,3,0
13,美食林老上客砂锅,2023/4/5,17:25,3,0,10,750.1,762.8,24,1,3,0
10,学苑食堂真牛铁板,2023/4/5,11:40,3,0,10,750.1,762.8,24,1,1,0
12,美食林川蜀源烤鱼,2023/4/4,11:43,2,1,7,757.5,770.4,19,2,1,0
3.6,百味佳副食一组,2023/4/4,7:41,2,1,7,757.5,770.4,19,2,0,0
12.2,百味佳副食一组,2023/4/3,11:46,1,1,15,751.8,764.3,59,7,1,0
3.5,百味佳副食一组,2023/4/3,9:21,1,1,15,751.8,764.3,59,7,0,0
6,淘乐学苑水果,2023/4/2,18:12,7,0,22,749.8,762,23,9,3,0
12,学苑食堂香恋香拌砂锅,2023/4/2,18:09,7,0,22,749.8,762,23,9,3,0
11,学苑食堂包子,2023/4/2,11:48,7,0,22,749.8,762,23,9,1,0
3.5,百味佳副食一组,2023/4/2,8:41,7,0,22,749.8,762,23,9,0,0
8,淘乐学苑水果,2023/4/1,11:56,6,0,22,746.1,758.2,27,9,1,1
12,美食林90后串炒饭,2023/4/1,11:34,6,0,22,746.1,758.2,27,9,1,1
5,百味佳副食一组,2023/4/1,7:58,6,0,22,746.1,758.2,27,9,0,1
6,淘乐学苑水果,2023/3/31,17:55,5,1,20,748.3,760.5,28,5,3,1
13.58,阳光副食二组,2023/3/31,17:38,5,1,20,748.3,760.5,28,5,3,1
23,民族餐厅铁板料理,2023/3/31,11:26,5,1,20,748.3,760.5,28,5,1,1
5.1,百味佳副食一组,2023/3/31,7:44,5,1,20,748.3,760.5,28,5,0,1
6.9,淘乐学苑水果,2023/3/30,17:51,4,1,15,747.3,759.7,23,6,3,0
13,美食林美美卤肉饭,2023/3/30,17:35,4,1,15,747.3,759.7,23,6,3,0
11.28,阳光副食二组,2023/3/30,11:45,4,1,15,747.3,759.7,23,6,1,0
3.9,百味佳副食一组,2023/3/30,7:31,4,1,15,747.3,759.7,23,6,0,0
13,美食林美美卤肉饭,2023/3/29,17:35,3,1,18,744.7,756.9,28,9,3,0
12,学苑食堂真牛铁板,2023/3/29,11:31,3,1,18,744.7,756.9,28,9,1,0
0.95,百味佳副食一组,2023/3/29,9:13,3,1,18,744.7,756.9,28,9,0,0
6.9,淘乐学苑水果,2023/3/28,18:02,2,1,12,751.7,764.3,21,2,3,0
15.1,美食林小猪憨尼麻辣烫,2023/3/28,17:38,2,1,12,751.7,764.3,21,2,3,0
12,美食林川蜀源烤鱼,2023/3/28,11:51,2,1,12,751.7,764.3,21,2,1,0
7.5,淘乐学苑水果,2023/3/27,17:47,1,1,10,749.3,762,19,4,3,0
11,美食林90后串炒饭,2023/3/27,17:28,1,1,10,749.3,762,19,4,3,0
12,美食林川蜀源烤鱼,2023/3/27,12:03,1,1,10,749.3,762,19,4,1,0
4.35,百味佳副食一组,2023/3/27,9:11,1,1,10,749.3,762,19,4,0,0
12,一区饺子园主食一组,2023/3/26,17:34,7,0,5,750.6,763.5,31,3,3,0
12,学苑食堂香恋香拌砂锅,2023/3/26,12:30,7,0,5,750.6,763.5,31,3,1,0
5,百味佳副食一组,2023/3/26,8:43,7,0,5,750.6,763.5,31,3,0,0
16,民族餐厅铁板料理,2023/3/25,17:49,6,0,3,752.7,765.8,38,5,3,0
12,美食林那小味面馆,2023/3/25,11:44,6,0,3,752.7,765.8,38,5,1,0
3,百味佳副食一组,2023/3/25,9:01,6,0,3,752.7,765.8,38,5,0,0
11.54,美食林小猪憨尼麻辣烫,2023/3/24,17:33,5,1,1,754.9,768.1,41,4,3,0
10,民族餐厅山西面,2023/3/24,11:52,5,1,1,754.9,768.1,41,4,1,0
0.7,百味佳副食一组,2023/3/22,17:37,3,1,9,739.7,752.3,23,10,3,1
14,阳光广式猪脚饭,2023/3/21,17:35,2,1,15,740,752.3,34,7,3,0
12,美食林川蜀源烤鱼,2023/3/21,11:54,2,1,15,740,752.3,34,7,1,0
5.1,百味佳副食一组,2023/3/21,7:41,2,1,15,740,752.3,34,7,0,0
12,美食林川蜀源烤鱼,2023/3/20,17:32,1,1,14,742.2,754.6,36,8,3,1
16,阳光广式猪脚饭,2023/3/20,11:27,1,1,14,742.2,754.6,36,8,1,1
3.5,百味佳副食一组,2023/3/20,8:14,1,1,14,742.2,754.6,36,8,0,1
12,美食林90后串炒饭,2023/3/19,18:05,7,0,14,746.6,759,20,6,3,0
13,阳光广式猪脚饭,2023/3/19,11:45,7,0,14,746.6,759,20,6,1,0
5,百味佳副食一组,2023/3/19,8:24,7,0,14,746.6,759,20,6,0,0
13,美食林老上客砂锅,2023/3/18,17:46,6,0,7,748.4,761.2,31,7,3,0
12.2,百味佳副食一组,2023/3/18,11:42,6,0,7,748.4,761.2,31,7,1,0
5,百味佳副食一组,2023/3/18,9:05,6,0,7,748.4,761.2,31,7,0,0
15.1,美食林小猪憨尼麻辣烫,2023/3/17,17:33,5,1,4,752,765,36,7,3,0
12.2,百味佳副食一组,2023/3/17,11:52,5,1,4,752,765,36,7,1,0
3.5,百味佳副食一组,2023/3/17,7:45,5,1,4,752,765,36,7,0,0
14.2,百味佳副食一组,2023/3/16,17:04,4,1,-1,754,767.3,64,7,3,0
10.8,阳光小是小简餐,2023/3/16,11:28,4,1,-1,754,767.3,64,7,1,0
2.75,学苑食堂副食三组,2023/3/16,7:41,4,1,-1,754,767.3,64,7,0,0
8,淘乐学苑水果,2023/3/15,17:55,3,1,-1,746.6,759.7,69,8,3,0
13,美食林90后串炒饭,2023/3/15,17:39,3,1,-1,746.6,759.7,69,8,3,0
13,美食林川蜀源烤鱼,2023/3/15,11:50,3,1,-1,746.6,759.7,69,8,1,0
5.1,百味佳副食一组,2023/3/15,8:35,3,1,-1,746.6,759.7,69,8,0,0
9,美食林肠粉,2023/3/14,17:33,2,1,0,744.6,757.7,29,4,3,0
12,美食林川蜀源烤鱼,2023/3/14,11:44,2,1,0,744.6,757.7,29,4,1,0
3.4,百味佳副食一组,2023/3/14,7:37,2,1,0,744.6,757.7,29,4,0,0
12,学苑食堂香恋香拌砂锅,2023/3/13,17:19,1,1,0,748.1,761.2,25,3,3,0
10,美食林东农豆坊,2023/3/13,16:26,1,1,0,748.1,761.2,25,3,2,0
5,美食林东农豆坊,2023/3/13,16:26,1,1,0,748.1,761.2,25,3,2,0
13,阳光广式猪脚饭,2023/3/13,11:38,1,1,0,748.1,761.2,25,3,1,0
3.6,百味佳副食一组,2023/3/13,8:45,1,1,0,748.1,761.2,25,3,0,0
15,美食林90后串炒饭,2023/3/12,17:46,7,0,-3,754.7,768.1,33,4,3,0
16,阳光广式猪脚饭,2023/3/12,11:25,7,0,-3,754.7,768.1,33,4,1,0
5,百味佳副食一组,2023/3/12,8:52,7,0,-3,754.7,768.1,33,4,0,0
5.5,淘乐学苑水果,2023/3/11,17:39,6,0,3,757.3,770.4,17,9,3,0
13,阳光广式猪脚饭,2023/3/11,17:17,6,0,3,757.3,770.4,17,9,3,0
4.2,百味佳副食一组,2023/3/11,11:51,6,0,3,757.3,770.4,17,9,1,0
5.64,百味佳副食二组,2023/3/11,11:49,6,0,3,757.3,770.4,17,9,1,0
5.1,百味佳副食一组,2023/3/11,8:41,6,0,3,757.3,770.4,17,9,0,0
13,阳光广式猪脚饭,2023/3/10,17:07,5,1,11,742.9,755.4,38,6,3,0
11,学苑食堂包子,2023/3/10,11:54,5,1,11,742.9,755.4,38,6,1,0
3.5,百味佳副食一组,2023/3/10,7:43,5,1,11,742.9,755.4,38,6,0,0
18,学苑食堂副食三组,2023/3/9,17:14,4,1,9,744.3,756.9,37,4,3,0
12,美食林90后串炒饭,2023/3/9,11:33,4,1,9,744.3,756.9,37,4,1,0
3.2,百味佳副食一组,2023/3/9,7:35,4,1,9,744.3,756.9,37,4,0,0
14,学院食堂陕西名小吃,2023/3/8,17:34,3,1,4,752.8,765.8,56,3,3,0
12.2,百味佳副食一组,2023/3/8,11:44,3,1,4,752.8,765.8,56,3,1,0
5,百味佳副食一组,2023/3/8,8:49,3,1,4,752.8,765.8,56,3,0,0
12,民族餐厅金家店,2023/3/7,17:36,2,1,8,742,754.6,66,4,3,1
12,美食林川蜀源烤鱼,2023/3/7,11:39,2,1,8,742,754.6,66,4,1,1
4.6,百味佳副食一组,2023/3/7,7:52,2,1,8,742,754.6,66,4,0,1
12,学苑食堂铁锅焖面,2023/3/6,18:14,1,1,9,747,759.7,40,3,3,0
12,美食林川蜀源烤鱼,2023/3/6,11:33,1,1,9,747,759.7,40,3,1,0
2.85,百味佳副食一组,2023/3/6,9:04,1,1,9,747,759.7,40,3,0,0
3.6,淘乐学苑水果,2023/3/5,18:00,7,0,11,747.9,760.5,47,11,3,0
12,学苑食堂香恋香拌砂锅,2023/3/5,17:33,7,0,11,747.9,760.5,47,11,3,0
12,美食林川蜀源烤鱼,2023/3/5,11:52,7,0,11,747.9,760.5,47,11,1,0
3.5,百味佳副食一组,2023/3/5,9:02,7,0,11,747.9,760.5,47,11,0,0
9,美食林老上客砂锅,2023/3/4,17:50,6,0,7,757.5,770.4,37,5,3,0
16,阳光广式猪脚饭,2023/3/4,11:20,6,0,7,757.5,770.4,37,5,1,0
4,百味佳副食一组,2023/3/4,8:15,6,0,7,757.5,770.4,37,5,0,0
11,美食林90后串炒饭,2023/3/3,17:14,5,1,1,754.9,768.1,48,2,3,0
10,民族餐厅山西面,2023/3/3,11:50,5,1,1,754.9,768.1,48,2,1,0
3.6,百味佳副食一组,2023/3/3,7:35,5,1,1,754.9,768.1,48,2,0,0
12,美食林90后串炒饭,2023/3/2,17:53,4,1,-4,750.1,763.5,63,9,3,0
18,学苑食堂副食三组,2023/3/2,11:38,4,1,-4,750.1,763.5,63,9,1,0
3.6,百味佳副食一组,2023/3/2,7:31,4,1,-4,750.1,763.5,63,9,0,0
6,淘乐学苑水果,2023/3/1,17:42,3,1,-4,750.1,763.5,100,2,3,1
10,美食林阿咪酱骨扒肉,2023/3/1,17:29,3,1,-4,750.1,763.5,100,2,3,1
10.7,百味佳副食一组,2023/3/1,11:51,3,1,-4,750.1,763.5,100,2,1,1
5.1,百味佳副食一组,2023/3/1,8:56,3,1,-4,750.1,763.5,100,2,0,1
6,淘乐学苑水果,2023/2/28,17:50,2,1,0,751.1,764.3,69,7,3,0
15,美食林真牛铁板,2023/2/28,17:29,2,1,0,751.1,764.3,69,7,3,0
10.7,百味佳副食一组,2023/2/28,11:53,2,1,0,751.1,764.3,69,7,1,0
10.7,百味佳副食一组,2023/2/28,11:52,2,1,0,751.1,764.3,69,7,1,0
2.1,百味佳副食一组,2023/2/28,7:48,2,1,0,751.1,764.3,69,7,0,0
13.02,美食林小猪憨尼麻辣烫,2023/2/27,17:33,1,1,8,750,762.8,37,11,3,1
12.2,百味佳副食一组,2023/2/27,11:59,1,1,8,750,762.8,37,11,1,1
3.05,百味佳主食二组,2023/2/27,8:52,1,1,8,750,762.8,37,11,0,1
10,民族餐厅山西面,2023/2/26,17:28,7,0,3,759.5,772.7,41,5,3,0
12.2,百味佳副食一组,2023/2/26,11:50,7,0,3,759.5,772.7,41,5,1,0
5.1,百味佳副食一组,2023/2/26,9:13,7,0,3,759.5,772.7,41,5,0,0
14.06,美食林小猪憨尼麻辣烫,2023/2/25,17:43,6,0,-2,759.3,772.7,47,5,3,0
12,友来朝鲜风味,2023/2/25,11:41,6,0,-2,759.3,772.7,47,5,1,0
4.1,百味佳副食一组,2023/2/25,8:05,6,0,-2,759.3,772.7,47,5,0,0
13,民族餐厅铁板料理,2023/2/24,17:31,5,1,-5,757.6,771.1,63,6,3,0
12.4,紫丁香餐吧机器人收银组,2023/2/24,11:52,5,1,-5,757.6,771.1,63,6,1,0
4.1,百味佳副食一组,2023/2/24,7:42,5,1,-5,757.6,771.1,63,6,0,0
12,学苑食堂铁锅焖面,2023/2/23,18:23,4,1,-3,752.5,765.8,59,4,3,0
16,阳光广式猪脚饭,2023/2/23,11:35,4,1,-3,752.5,765.8,59,4,1,0
4.1,百味佳副食一组,2023/2/23,7:34,4,1,-3,752.5,765.8,59,4,0,0
6,淘乐学苑水果,2023/2/22,17:45,3,1,-3,753.2,766.6,64,6,3,0
18,美食林90后串炒饭,2023/2/22,17:25,3,1,-3,753.2,766.6,64,6,3,0
11.2,百味佳副食一组,2023/2/22,11:49,3,1,-3,753.2,766.6,64,6,1,0
4.1,百味佳副食一组,2023/2/22,7:48,3,1,-3,753.2,766.6,64,6,0,0
6,淘乐学苑水果,2023/2/21,17:58,2,1,-7,762.5,776.2,49,5,3,0
11,美食林老上客砂锅,2023/2/21,17:31,2,1,-7,762.5,776.2,49,5,3,0
12.2,百味佳副食一组,2023/2/21,11:50,2,1,-7,762.5,776.2,49,5,1,0
4.3,百味佳副食一组,2023/2/21,7:33,2,1,-7,762.5,776.2,49,5,0,0
6,淘乐学苑水果,2023/2/20,17:45,1,1,-8,755.9,769.6,68,4,3,0
11.5,美食林真牛铁板,2023/2/20,17:31,1,1,-8,755.9,769.6,68,4,3,0
8.2,百味佳副食一组,2023/2/20,11:29,1,1,-8,755.9,769.6,68,4,1,0
2.95,百味佳副食一组,2023/2/20,8:58,1,1,-8,755.9,769.6,68,4,0,0
6,淘乐学苑水果,2023/2/19,18:05,7,0,-9,745.5,759,62,6,3,0
12.2,百味佳副食一组,2023/2/19,17:54,7,0,-9,745.5,759,62,6,3,0
1,学苑食堂香恋香拌砂锅,2023/2/19,11:49,7,0,-9,745.5,759,62,6,1,0
12,学苑食堂香恋香拌砂锅,2023/2/19,11:42,7,0,-9,745.5,759,62,6,1,0
3.25,百味佳副食一组,2023/2/19,9:06,7,0,-9,745.5,759,62,6,0,0
6,淘乐学苑水果,2023/2/18,17:47,6,0,-7,753,766.6,53,4,3,0
12.28,美食林小猪憨尼麻辣烫,2023/2/18,17:23,6,0,-7,753,766.6,53,4,3,0
14,阳光广式猪脚饭,2023/2/18,12:07,6,0,-7,753,766.6,53,4,1,0
2.95,百味佳副食一组,2023/2/18,8:55,6,0,-7,753,766.6,53,4,0,0
6,淘乐学苑水果,2023/2/17,18:07,5,1,-7,752.3,765.8,63,4,3,0
15,美食林真牛铁板,2023/2/17,17:48,5,1,-7,752.3,765.8,63,4,3,0
6,淘乐学苑水果,2023/2/17,11:33,5,1,-7,752.3,765.8,63,4,1,0
16,阳光广式猪脚饭,2023/2/17,11:13,5,1,-7,752.3,765.8,63,4,1,0
16,阳光广式猪脚饭,2023/2/16,12:09,4,1,-7,753,766.6,58,4,1,0
3.15,百味佳副食一组,2023/2/16,8:51,4,1,-7,753,766.6,58,4,0,0
6,淘乐学苑水果,2023/2/15,17:56,3,1,-11,762.3,776.2,52,3,3,0
12,学苑食堂副食三组,2023/2/15,17:40,3,1,-11,762.3,776.2,52,3,3,0
2,阳光广式猪脚饭,2023/2/15,11:48,3,1,-11,762.3,776.2,52,3,1,0
14,阳光广式猪脚饭,2023/2/15,11:48,3,1,-11,762.3,776.2,52,3,1,0
2.2,百味佳副食一组,2023/2/15,9:01,3,1,-11,762.3,776.2,52,3,0,0
6,淘乐学苑水果,2023/2/14,17:58,2,1,-11,760,773.9,62,5,3,0
14,美食林阿咪酱骨扒肉,2023/2/14,17:47,2,1,-11,760,773.9,62,5,3,0
11.2,百味佳副食一组,2023/2/14,11:14,2,1,-11,760,773.9,62,5,1,0
2.85,百味佳副食一组,2023/2/14,8:43,2,1,-11,760,773.9,62,5,0,0
6,淘乐学苑水果,2023/2/13,18:09,1,1,-10,755.8,769.6,67,4,3,0
15.24,美食林小猪憨尼麻辣烫,2023/2/13,17:40,1,1,-10,755.8,769.6,67,4,3,0
8.2,百味佳副食一组,2023/2/13,11:35,1,1,-10,755.8,769.6,67,4,1,0
4.1,百味佳副食一组,2023/2/13,8:53,1,1,-10,755.8,769.6,67,4,0,0
10,美食林真牛铁板,2023/2/12,17:48,7,0,-9,758.9,772.7,67,3,3,1
4.7,百味佳副食一组,2022/12/3,8:57,6,0,-13,753.4,767.3,51,7,0,0
16,阳光广式猪脚饭,2022/12/2,11:57,5,1,-9,750.7,764.3,53,8,1,0
3.35,百味佳副食一组,2022/12/2,8:53,5,1,-9,750.7,764.3,53,8,0,0
15,友来朝鲜风味,2022/12/1,17:15,4,1,-15,754.9,768.9,51,6,3,0
18.5,民族餐厅旋转小火锅,2022/11/30,17:28,3,1,-15,754.1,768.1,51,9,3,0
2,民族餐厅旋转小火锅,2022/11/30,16:52,3,1,-15,754.1,768.1,51,9,2,0
3.6,百味佳副食一组,2022/11/30,9:09,3,1,-15,754.1,768.1,51,9,0,0
12,美食林90后串炒饭,2022/11/29,16:59,2,1,-12,749.7,763.5,85,9,2,1
12.4,百味佳副食一组,2022/11/29,11:52,2,1,-12,749.7,763.5,85,9,1,1
4.7,百味佳副食一组,2022/11/29,7:54,2,1,-12,749.7,763.5,85,9,0,1
6.7,淘乐学苑水果,2022/11/28,16:40,1,1,-6,750.8,764.3,80,6,2,0
13,美食林老上客砂锅,2022/11/28,16:15,1,1,-6,750.8,764.3,80,6,2,0
13,民族餐厅铁板料理,2022/11/28,11:52,1,1,-6,750.8,764.3,80,6,1,0
9.4,百味佳副食一组,2022/11/27,11:49,7,0,-7,750,763.5,79,4,1,0
15,美食林陕西刀削面(川无界),2022/11/26,17:28,6,0,-6,747.8,761.2,58,6,3,0
12.8,阳光小是小简餐,2022/11/26,12:14,6,0,-6,747.8,761.2,58,6,1,0
4.7,百味佳副食一组,2022/11/26,8:30,6,0,-6,747.8,761.2,58,6,0,0
7,淘乐学苑水果,2022/11/25,17:58,5,1,0,739.3,752.3,87,4,3,1
20,美食林真牛铁板,2022/11/25,17:35,5,1,0,739.3,752.3,87,4,3,1
12.4,百味佳副食一组,2022/11/25,11:50,5,1,0,739.3,752.3,87,4,1,1
4.6,百味佳副食一组,2022/11/25,8:04,5,1,0,739.3,752.3,87,4,0,1
2,学苑食堂副食三组,2022/11/24,17:50,4,1,1,748.1,761.2,56,4,3,0
7,淘乐学苑水果,2022/11/24,17:49,4,1,1,748.1,761.2,56,4,3,0
16.28,美食林小猪憨尼麻辣烫,2022/11/24,17:16,4,1,1,748.1,761.2,56,4,3,0
12.4,百味佳副食一组,2022/11/24,11:49,4,1,1,748.1,761.2,56,4,1,0
5.5,百味佳副食一组,2022/11/24,8:33,4,1,1,748.1,761.2,56,4,0,0
16,学苑食堂副食三组,2022/11/23,17:42,3,1,-1,751.1,764.3,64,3,3,0
10,民族餐厅山西面,2022/11/23,11:37,3,1,-1,751.1,764.3,64,3,1,0
4.45,百味佳副食一组,2022/11/23,8:44,3,1,-1,751.1,764.3,64,3,0,0
7,淘乐学苑水果,2022/11/22,18:16,2,1,0,755.6,768.9,55,2,3,0
12.43,美食林小猪憨尼麻辣烫,2022/11/22,17:50,2,1,0,755.6,768.9,55,2,3,0
12.4,百味佳副食一组,2022/11/22,11:51,2,1,0,755.6,768.9,55,2,1,0
4.25,百味佳展销组,2022/11/22,7:47,2,1,0,755.6,768.9,55,2,0,0
7,淘乐学苑水果,2022/11/21,17:58,1,1,-2,754.8,768.1,43,4,3,0
10,美食林真牛铁板,2022/11/21,17:33,1,1,-2,754.8,768.1,43,4,3,0
12.4,百味佳副食一组,2022/11/21,11:47,1,1,-2,754.8,768.1,43,4,1,0
5.1,百味佳副食一组,2022/11/21,8:17,1,1,-2,754.8,768.1,43,4,0,0
12.4,百味佳副食一组,2022/11/20,11:47,7,0,1,751.2,764.3,41,8,1,0
3.5,百味佳副食一组,2022/11/20,8:50,7,0,1,751.2,764.3,41,8,0,0
12.4,百味佳副食一组,2022/11/19,11:50,6,0,5,747.6,760.5,57,7,1,0
5.1,百味佳副食一组,2022/11/19,8:38,6,0,5,747.6,760.5,57,7,0,0
7,淘乐学苑水果,2022/11/18,18:07,5,1,5,758,771.1,53,3,3,0
11,学苑食堂副食三组,2022/11/18,17:48,5,1,5,758,771.1,53,3,3,0
12,美食林90后串炒饭,2022/11/18,11:26,5,1,5,758,771.1,53,3,1,0
5.1,百味佳副食一组,2022/11/18,8:01,5,1,5,758,771.1,53,3,0,0
16,阳光广式猪脚饭,2022/11/17,11:50,4,1,3,749,762,65,5,1,0
3.35,百味佳副食一组,2022/11/17,8:48,4,1,3,749,762,65,5,0,0
12,民族餐厅金家店,2022/11/16,17:57,3,1,2,748.2,761.2,60,3,3,0
10,美食林陕西刀削面(罐罐面),2022/11/16,11:23,3,1,2,748.2,761.2,60,3,1,0
8,淘乐学苑水果,2022/11/15,16:52,2,1,-1,747.3,760.5,80,4,2,0
16,阳光广式猪脚饭,2022/11/15,16:37,2,1,-1,747.3,760.5,80,4,2,0
9.4,百味佳副食一组,2022/11/15,12:04,2,1,-1,747.3,760.5,80,4,1,0
3.5,百味佳副食一组,2022/11/15,7:56,2,1,-1,747.3,760.5,80,4,0,0
4,淘乐学苑水果,2022/11/14,18:07,1,1,-3,747.3,760.5,69,4,3,0
10,美食林真牛铁板,2022/11/14,17:45,1,1,-3,747.3,760.5,69,4,3,0
10.4,百味佳副食一组,2022/11/14,11:52,1,1,-3,747.3,760.5,69,4,1,0
4.2,百味佳副食一组,2022/11/14,8:32,1,1,-3,747.3,760.5,69,4,0,0
7,淘乐学苑水果,2022/11/13,17:31,7,0,-1,755.6,768.9,55,3,3,0
13,美食林陕西刀削面(罐罐面),2022/11/13,17:15,7,0,-1,755.6,768.9,55,3,3,0
4.1,百味佳副食一组,2022/11/13,8:20,7,0,-1,755.6,768.9,55,3,0,0
13.62,美食林小猪憨尼麻辣烫,2022/11/12,17:02,6,0,0,752.6,765.8,75,6,3,0
12,阳光川蜀源烤鱼,2022/11/12,11:53,6,0,0,752.6,765.8,75,6,1,0
5,百味佳副食一组,2022/11/12,8:29,6,0,0,752.6,765.8,75,6,0,0
20,学苑食堂副食三组,2022/11/11,17:44,5,1,9,749.3,762,94,6,3,1
12.4,百味佳副食一组,2022/11/11,11:35,5,1,9,749.3,762,94,6,1,1
3.6,百味佳副食一组,2022/11/11,7:31,5,1,9,749.3,762,94,6,0,1
12.4,百味佳副食一组,2022/11/10,11:43,4,1,7,758.1,771.1,27,4,1,0
5.35,百味佳副食一组,2022/11/10,8:27,4,1,7,758.1,771.1,27,4,0,0
4.7,淘乐学苑水果,2022/11/9,17:50,3,1,10,749.3,762,47,4,3,0
10,学苑食堂副食三组,2022/11/9,17:34,3,1,10,749.3,762,47,4,3,0
13,民族餐厅铁板料理,2022/11/9,11:32,3,1,10,749.3,762,47,4,1,0
5.2,友来副食一组,2022/11/9,7:48,3,1,10,749.3,762,47,4,0,0
7,淘乐学苑水果,2022/11/8,17:53,2,1,8,750.7,763.5,46,6,3,0
10,学苑食堂副食三组,2022/11/8,17:34,2,1,8,750.7,763.5,46,6,3,0
10,美食林真牛铁板,2022/11/8,11:47,2,1,8,750.7,763.5,46,6,1,0
2.85,百味佳副食一组,2022/11/8,7:35,2,1,8,750.7,763.5,46,6,0,0
7,淘乐学苑水果,2022/11/7,17:53,1,1,7,751.5,764.3,46,5,3,0
12,美食林90后串炒饭,2022/11/7,17:41,1,1,7,751.5,764.3,46,5,3,0
2.85,百味佳副食一组,2022/11/7,7:27,1,1,7,751.5,764.3,46,5,0,0
6,淘乐学苑水果,2022/11/6,18:29,7,0,8,752.2,765,40,3,3,0
15,美食林90后串炒饭,2022/11/6,18:13,7,0,8,752.2,765,40,3,3,0
12.2,百味佳副食一组,2022/11/6,11:48,7,0,8,752.2,765,40,3,1,0
3.2,百味佳副食一组,2022/11/6,8:34,7,0,8,752.2,765,40,3,0,0
7,淘乐学苑水果,2022/11/5,18:12,6,0,4,751.3,764.3,48,4,3,0
10,美食林陕西刀削面(罐罐面),2022/11/5,18:02,6,0,4,751.3,764.3,48,4,3,0
2.85,百味佳副食一组,2022/11/5,8:04,6,0,4,751.3,764.3,48,4,0,0
7,淘乐学苑水果,2022/11/4,18:05,5,1,1,752.7,765.8,38,6,3,0
13,美食林陕西刀削面(罐罐面),2022/11/4,17:46,5,1,1,752.7,765.8,38,6,3,0
11.5,美食林真牛铁板,2022/11/4,11:22,5,1,1,752.7,765.8,38,6,1,0
3.85,友来副食一组,2022/11/4,7:46,5,1,1,752.7,765.8,38,6,0,0
12.2,百味佳副食一组,2022/11/3,11:40,4,1,0,752.6,765.8,44,6,1,0
4.95,友来副食一组,2022/11/3,8:17,4,1,0,752.6,765.8,44,6,0,0
5.5,淘乐学苑水果,2022/11/2,18:02,3,1,2,751.9,765,30,7,3,0
14,学苑食堂铁锅焖面,2022/11/2,17:45,3,1,2,751.9,765,30,7,3,0
5,淘乐学苑水果,2022/11/2,11:45,3,1,2,751.9,765,30,7,1,0
18,美食林真牛铁板,2022/11/2,11:24,3,1,2,751.9,765,30,7,1,0
4.95,友来副食一组,2022/11/2,7:37,3,1,2,751.9,765,30,7,0,0
7,淘乐学苑水果,2022/11/1,17:50,2,1,5,751.4,764.3,42,9,3,0
12.2,百味佳主食二组,2022/11/1,17:41,2,1,5,751.4,764.3,42,9,3,0
5.2,淘乐学苑水果,2022/10/31,17:52,1,1,10,747.9,760.5,94,8,3,1
11.8,阳光小是小简餐,2022/10/31,17:32,1,1,10,747.9,760.5,94,8,3,1
4.95,友来副食一组,2022/10/31,7:38,1,1,10,747.9,760.5,94,8,0,1
7,淘乐学苑水果,2022/10/30,18:09,7,0,10,755.3,768.1,43,4,3,0
15,阳光川蜀源烤鱼,2022/10/30,17:49,7,0,10,755.3,768.1,43,4,3,0
15,民族餐厅金家店,2022/10/30,11:56,7,0,10,755.3,768.1,43,4,1,0
4.95,友来副食一组,2022/10/30,8:10,7,0,10,755.3,768.1,43,4,0,0
7,淘乐学苑水果,2022/10/29,17:14,6,0,8,760.4,773.4,40,1,3,0
12,美食林90后串炒饭,2022/10/29,16:59,6,0,8,760.4,773.4,40,1,2,0
3.85,友来副食一组,2022/10/29,8:31,6,0,8,760.4,773.4,40,1,0,0
7,淘乐学苑水果,2022/10/28,17:56,5,1,6,761.6,774.7,39,2,3,0
15,美食林真牛铁板,2022/10/28,17:34,5,1,6,761.6,774.7,39,2,3,0
3.85,友来副食一组,2022/10/28,7:38,5,1,6,761.6,774.7,39,2,0,0
21,民族餐厅铁板料理,2022/10/27,17:08,4,1,5,761.6,774.7,49,6,3,0
12.2,百味佳副食一组,2022/10/27,11:51,4,1,5,761.6,774.7,49,6,1,0
3.85,友来副食一组,2022/10/27,8:13,4,1,5,761.6,774.7,49,6,0,0
13.1,民族餐厅旋转小火锅,2022/10/26,18:25,3,1,8,750.7,763.5,93,5,3,1
16,民族餐厅铁板料理,2022/10/26,11:28,3,1,8,750.7,763.5,93,5,1,1
10,深澜网费对接,2022/10/26,10:35,3,1,8,750.7,763.5,93,5,1,1
4.95,友来副食一组,2022/10/26,7:50,3,1,8,750.7,763.5,93,5,0,1
10,民族餐厅山西面,2022/10/25,17:53,2,1,13,751.7,764.3,44,7,3,0
12.2,百味佳副食一组,2022/10/25,11:50,2,1,13,751.7,764.3,44,7,1,0
3.35,友来副食一组,2022/10/25,7:45,2,1,13,751.7,764.3,44,7,0,0
16,民族餐厅铁板料理,2022/10/24,17:33,1,1,8,756,768.9,40,2,3,0
18,回味斋一餐厅副食一组,2022/10/24,11:51,1,1,8,756,768.9,40,2,1,0
5.35,友来副食一组,2022/10/24,7:31,1,1,8,756,768.9,40,2,0,0
11,学苑食堂包子,2022/10/23,12:00,7,0,6,752.1,765,66,6,1,0
5,淘乐学苑水果,2022/10/22,11:29,6,0,9,753.8,766.6,46,5,1,0
12.58,美食林小猪憨尼麻辣烫,2022/10/22,11:07,6,0,9,753.8,766.6,46,5,1,0
4.35,友来副食一组,2022/10/22,7:56,6,0,9,753.8,766.6,46,5,0,0
7,淘乐学苑水果,2022/10/21,18:00,5,1,15,745.8,758.2,59,10,3,0
10,美食林陕西刀削面(罐罐面),2022/10/21,17:46,5,1,15,745.8,758.2,59,10,3,0
13,民族餐厅金家店,2022/10/21,12:27,5,1,15,745.8,758.2,59,10,1,0
5.2,友来副食一组,2022/10/21,7:41,5,1,15,745.8,758.2,59,10,0,0
9.6,淘乐学苑水果,2022/10/20,17:52,4,1,16,751.9,764.3,42,4,3,0
10,美食林真牛铁板,2022/10/20,17:33,4,1,16,751.9,764.3,42,4,3,0
12.2,百味佳副食一组,2022/10/20,11:48,4,1,16,751.9,764.3,42,4,1,0
3.85,友来副食一组,2022/10/20,8:29,4,1,16,751.9,764.3,42,4,0,0
3.85,友来副食一组,2022/10/19,7:15,3,1,13,750.9,763.5,33,7,0,0
10,民族餐厅山西面,2022/10/18,17:22,2,1,8,753,765.8,40,3,3,0
12.2,百味佳展销组,2022/10/18,11:50,2,1,8,753,765.8,40,3,1,0
5.95,友来副食一组,2022/10/18,7:38,2,1,8,753,765.8,40,3,0,0
10.7,淘乐学苑水果,2022/10/17,17:54,1,1,7,752.1,765,53,6,3,0
15,美食林真牛铁板,2022/10/17,17:35,1,1,7,752.1,765,53,6,3,0
9.9,回味斋一餐厅副食一组,2022/10/17,12:02,1,1,7,752.1,765,53,6,1,0
4.95,友来副食一组,2022/10/17,7:20,1,1,7,752.1,765,53,6,0,0
10.95,美食林小猪憨尼麻辣烫,2022/10/16,18:15,7,0,11,751.6,764.3,35,8,3,0
3.85,友来副食一组,2022/10/16,8:16,7,0,11,751.6,764.3,35,8,0,0
11.3,淘乐学苑水果,2022/10/15,17:10,6,0,16,751.9,764.3,34,2,3,0
13,美食林老上客砂锅,2022/10/15,16:47,6,0,16,751.9,764.3,34,2,2,0
12.3,淘乐学苑水果,2022/10/14,17:21,5,1,11,751.6,764.3,94,3,3,1
13,美食林陕西刀削面(罐罐面),2022/10/14,17:09,5,1,11,751.6,764.3,94,3,3,1
10,美食林真牛铁板,2022/10/14,11:28,5,1,11,751.6,764.3,94,3,1,1
4.95,友来副食一组,2022/10/14,7:42,5,1,11,751.6,764.3,94,3,0,1
7,淘乐学苑水果,2022/10/13,17:44,4,1,18,752.6,765,52,7,3,0
13,美食林陕西刀削面(罐罐面),2022/10/13,17:29,4,1,18,752.6,765,52,7,3,0
9.2,百味佳副食一组,2022/10/13,11:52,4,1,18,752.6,765,52,7,1,0
3.5,友来副食一组,2022/10/13,8:48,4,1,18,752.6,765,52,7,0,0
10.1,淘乐学苑水果,2022/10/12,17:55,3,1,16,754.1,766.6,42,5,3,0
12,民族餐厅金家店,2022/10/12,17:33,3,1,16,754.1,766.6,42,5,3,0
12,友来朝鲜风味,2022/10/12,11:17,3,1,16,754.1,766.6,42,5,1,0
3.7,友来副食一组,2022/10/12,7:50,3,1,16,754.1,766.6,42,5,0,0
5,淘乐学苑水果,2022/10/11,17:36,2,1,13,750.9,763.5,36,5,3,0
10,美食林真牛铁板,2022/10/11,17:19,2,1,13,750.9,763.5,36,5,3,0
14,百味佳副食一组,2022/10/11,11:49,2,1,13,750.9,763.5,36,5,1,0
2,友来副食一组,2022/10/11,7:30,2,1,13,750.9,763.5,36,5,0,0
2.95,友来副食一组,2022/10/11,7:30,2,1,13,750.9,763.5,36,5,0,0
5,哈尔滨市南岗区淘乐水果捞店,2022/10/10,18:08,1,1,10,747.1,759.7,67,8,3,0
12.8,百味佳主食二组,2022/10/10,17:42,1,1,10,747.1,759.7,67,8,3,0
10,民族餐厅山西面,2022/10/10,11:09,1,1,10,747.1,759.7,67,8,1,0
5.7,友来副食一组,2022/10/10,7:52,1,1,10,747.1,759.7,67,8,0,0
11,淘乐学苑水果,2022/10/9,18:00,7,1,7,750,762.8,100,5,3,1
16.5,美食林真牛铁板,2022/10/9,17:39,7,1,7,750,762.8,100,5,3,1
14,民族餐厅金家店,2022/10/9,11:12,7,1,7,750,762.8,100,5,1,1
5.35,友来副食一组,2022/10/9,7:42,7,1,7,750,762.8,100,5,0,1
8,淘乐学苑水果,2022/10/8,17:21,6,1,11,753.1,765.8,54,2,3,0
11,学苑食堂包子,2022/10/8,17:12,6,1,11,753.1,765.8,54,2,3,0
15.6,回味斋一餐厅副食一组,2022/10/8,11:47,6,1,11,753.1,765.8,54,2,1,0
5.35,友来副食一组,2022/10/8,8:10,6,1,11,753.1,765.8,54,2,0,0
10,民族餐厅山西面,2022/10/7,11:17,5,0,11,752.3,765,41,2,1,0
4.25,友来副食一组,2022/10/7,7:34,5,0,11,752.3,765,41,2,0,0
5,淘乐学苑水果,2022/10/6,17:33,4,0,11,754.6,767.3,41,5,3,0
15,美食林真牛铁板,2022/10/6,17:12,4,0,11,754.6,767.3,41,5,3,0
12.2,百味佳展销组,2022/10/6,11:52,4,0,11,754.6,767.3,41,5,1,0
3.35,友来副食一组,2022/10/6,7:43,4,0,11,754.6,767.3,41,5,0,0
10.2,百味佳展销组,2022/10/5,17:32,3,0,8,754.5,767.3,40,5,3,0
13,民族餐厅铁板料理,2022/10/5,11:14,3,0,8,754.5,767.3,40,5,1,0
3.85,友来副食一组,2022/10/5,7:35,3,0,8,754.5,767.3,40,5,0,0
5,淘乐学苑水果,2022/10/4,17:01,2,0,8,756,768.9,29,8,3,0
12,美食林老上客砂锅,2022/10/4,16:36,2,0,8,756,768.9,29,8,2,0
11.2,百味佳展销组,2022/10/4,11:52,2,0,8,756,768.9,29,8,1,0
4.55,友来副食一组,2022/10/4,8:42,2,0,8,756,768.9,29,8,0,0
7,淘乐学苑水果,2022/10/3,18:11,1,0,7,750.7,763.5,100,6,3,1
13.8,美食林海南鸡饭,2022/10/3,17:49,1,0,7,750.7,763.5,100,6,3,1
12,友来朝鲜风味,2022/10/3,11:25,1,0,7,750.7,763.5,100,6,1,1
3.85,友来副食一组,2022/10/3,7:33,1,0,7,750.7,763.5,100,6,0,1
5,淘乐学苑水果,2022/10/2,17:20,7,0,17,748.8,761.2,88,3,3,1
10.4,回味斋一餐厅副食一组,2022/10/2,16:53,7,0,17,748.8,761.2,88,3,2,1
9.32,友来小猪憨尼麻辣烫,2022/10/2,11:21,7,0,17,748.8,761.2,88,3,1,1
3.75,友来副食一组,2022/10/2,8:36,7,0,17,748.8,761.2,88,3,0,1
5,淘乐学苑水果,2022/10/1,17:59,6,0,9,753,765.8,76,3,3,0
10,美食林陕西刀削面(罐罐面),2022/10/1,17:44,6,0,9,753,765.8,76,3,3,0
9.2,百味佳展销组,2022/10/1,11:40,6,0,9,753,765.8,76,3,1,0
5.25,友来副食一组,2022/10/1,8:28,6,0,9,753,765.8,76,3,0,0
5,淘乐学苑水果,2022/9/30,17:52,5,1,23,741.9,753.9,61,5,3,0
12,民族餐厅金家店,2022/9/30,17:27,5,1,23,741.9,753.9,61,5,3,0
15,友来朝鲜风味,2022/9/30,11:32,5,1,23,741.9,753.9,61,5,1,0
3.85,友来副食一组,2022/9/30,7:44,5,1,23,741.9,753.9,61,5,0,0
5,淘乐学苑水果,2022/9/29,17:41,4,1,24,742.6,754.6,57,7,3,0
13,民族餐厅铁板料理,2022/9/29,17:05,4,1,24,742.6,754.6,57,7,3,0
16,民族餐厅铁板料理,2022/9/29,17:05,4,1,24,742.6,754.6,57,7,3,0
12.2,百味佳展销组,2022/9/29,11:44,4,1,24,742.6,754.6,57,7,1,0
6,友来副食一组,2022/9/29,8:19,4,1,24,742.6,754.6,57,7,0,0
12,民族餐厅金家店,2022/9/28,17:35,3,1,20,744.1,756.2,78,1,3,1
4.1,友来副食一组,2022/9/28,7:34,3,1,20,744.1,756.2,78,1,0,1
5,淘乐学苑水果,2022/9/27,17:23,2,1,24,747.7,759.7,54,6,3,0
15,美食林陕西刀削面(罐罐面),2022/9/27,17:14,2,1,24,747.7,759.7,54,6,3,0
9.4,百味佳展销组,2022/9/27,11:52,2,1,24,747.7,759.7,54,6,1,0
3.35,友来副食一组,2022/9/27,8:01,2,1,24,747.7,759.7,54,6,0,0
5,淘乐学苑水果,2022/9/26,17:58,1,1,18,750.5,762.8,30,2,3,0
11.5,美食林真牛铁板,2022/9/26,17:38,1,1,18,750.5,762.8,30,2,3,0
15,民族餐厅铁板料理,2022/9/26,11:24,1,1,18,750.5,762.8,30,2,1,0
4.75,友来副食一组,2022/9/26,7:16,1,1,18,750.5,762.8,30,2,0,0
5,淘乐学苑水果,2022/9/25,17:54,7,0,24,744.2,756.2,41,6,3,0
15,美食林真牛铁板,2022/9/25,17:40,7,0,24,744.2,756.2,41,6,3,0
10.2,百味佳副食一组,2022/9/25,11:11,7,0,24,744.2,756.2,41,6,1,0
4.35,友来副食一组,2022/9/25,8:20,7,0,24,744.2,756.2,41,6,0,0
5,淘乐学苑水果,2022/9/24,17:44,6,0,17,746.7,759,68,4,3,0
14,美食林真牛铁板,2022/9/24,17:24,6,0,17,746.7,759,68,4,3,0
6.7,百味佳副食一组,2022/9/24,11:56,6,0,17,746.7,759,68,4,1,0
3.85,友来副食一组,2022/9/24,7:53,6,0,17,746.7,759,68,4,0,0
5,淘乐学苑水果,2022/9/23,17:31,5,1,15,742.3,754.6,82,3,3,0
12,美食林老上客砂锅,2022/9/23,17:10,5,1,15,742.3,754.6,82,3,3,0
23.33,友来小猪憨尼麻辣烫,2022/9/23,11:20,5,1,15,742.3,754.6,82,3,1,0
4.35,友来副食一组,2022/9/23,7:26,5,1,15,742.3,754.6,82,3,0,0
5,淘乐学苑水果,2022/9/22,17:44,4,1,21,743.3,755.4,50,7,3,0
15,美食林真牛铁板,2022/9/22,17:28,4,1,21,743.3,755.4,50,7,3,0
11.2,百味佳展销组,2022/9/22,11:48,4,1,21,743.3,755.4,50,7,1,0
3.95,友来副食一组,2022/9/22,7:50,4,1,21,743.3,755.4,50,7,0,0
13,美食林陕西刀削面(罐罐面),2022/9/21,17:38,3,1,22,743.3,755.4,41,8,3,0
12,友来朝鲜风味,2022/9/21,11:09,3,1,22,743.3,755.4,41,8,1,0
2.95,友来副食一组,2022/9/21,7:20,3,1,22,743.3,755.4,41,8,0,0
5,淘乐学苑水果,2022/9/20,17:31,2,1,15,748.8,761.2,27,6,3,0
15,美食林陕西刀削面(罐罐面),2022/9/20,17:16,2,1,15,748.8,761.2,27,6,3,0
11.4,百味佳副食一组,2022/9/20,11:56,2,1,15,748.8,761.2,27,6,1,0
6.35,友来副食一组,2022/9/20,7:36,2,1,15,748.8,761.2,27,6,0,0
5,淘乐学苑水果,2022/9/19,17:56,1,1,17,746.7,759,37,7,3,0
11.5,美食林真牛铁板,2022/9/19,17:34,1,1,17,746.7,759,37,7,3,0
15,民族餐厅铁板料理,2022/9/19,11:18,1,1,17,746.7,759,37,7,1,0
5.85,友来副食一组,2022/9/19,7:13,1,1,17,746.7,759,37,7,0,0
4.4,友来副食一组,2022/9/18,8:25,7,0,19,744,756.2,46,9,0,0
5,淘乐学苑水果,2022/9/17,17:22,6,0,18,742.4,754.6,88,2,3,0
11.54,美食林小猪憨尼麻辣烫,2022/9/17,17:01,6,0,18,742.4,754.6,88,2,3,0
9,百味佳副食一组,2022/9/17,11:53,6,0,18,742.4,754.6,88,2,1,0
2.75,友来副食一组,2022/9/17,7:35,6,0,18,742.4,754.6,88,2,0,0
3.85,友来副食一组,2022/9/16,7:14,5,1,23,745.6,757.7,61,5,0,0
5,淘乐学苑水果,2022/9/15,17:45,4,1,21,749.8,762,69,5,3,0
15,美食林真牛铁板,2022/9/15,17:28,4,1,21,749.8,762,69,5,3,0
12,民族餐厅金家店,2022/9/15,11:43,4,1,21,749.8,762,69,5,1,0
15,美食林陕西刀削面(罐罐面),2022/9/14,17:40,3,1,24,753.7,765.8,54,1,3,0
12,美食林老上客砂锅,2022/9/14,11:16,3,1,24,753.7,765.8,54,1,1,0
4.1,友来副食一组,2022/9/14,7:32,3,1,24,753.7,765.8,54,1,0,0
5,淘乐学苑水果,2022/9/13,17:37,2,1,20,755.8,768.1,46,5,3,0
12,美食林90后串炒饭,2022/9/13,17:22,2,1,20,755.8,768.1,46,5,3,0
12.2,百味佳副食一组,2022/9/13,11:53,2,1,20,755.8,768.1,46,5,1,0
4.1,友来副食一组,2022/9/13,7:49,2,1,20,755.8,768.1,46,5,0,0
5,淘乐学苑水果,2022/9/12,17:55,1,0,27,747.1,759,58,5,3,0
10.8,美食林海南鸡饭,2022/9/12,17:36,1,0,27,747.1,759,58,5,3,0
9.62,美食林小猪憨尼麻辣烫,2022/9/12,17:35,1,0,27,747.1,759,58,5,3,0
15,美食林陕西刀削面(罐罐面),2022/9/12,11:10,1,0,27,747.1,759,58,5,1,0
4,友来副食一组,2022/9/12,7:23,1,0,27,747.1,759,58,5,0,0
5,淘乐学苑水果,2022/9/11,18:20,7,0,28,748.6,760.5,55,4,3,0
12,美食林90后串炒饭,2022/9/11,18:01,7,0,28,748.6,760.5,55,4,3,0
11.5,美食林真牛铁板,2022/9/11,11:26,7,0,28,748.6,760.5,55,4,1,0
14,南苑特色铁板烧,2022/9/10,18:39,6,0,27,751.5,763.5,42,2,3,0
1,校园车载POS,2022/9/10,18:13,6,0,27,751.5,763.5,42,2,3,0
1,校园车载POS,2022/9/10,17:55,6,0,27,751.5,763.5,42,2,3,0
9.7,百味佳主食二组,2022/9/10,11:54,6,0,27,751.5,763.5,42,2,1,0
5,淘乐学苑水果,2022/9/9,17:51,5,1,27,753.8,765.8,32,2,3,0
12.8,美食林海南鸡饭,2022/9/9,17:37,5,1,27,753.8,765.8,32,2,3,0
14.8,美食林海南鸡饭,2022/9/9,17:37,5,1,27,753.8,765.8,32,2,3,0
10,美食林真牛铁板,2022/9/9,11:28,5,1,27,753.8,765.8,32,2,1,0
5.6,友来副食一组,2022/9/9,7:19,5,1,27,753.8,765.8,32,2,0,0
5,淘乐学苑水果,2022/9/8,17:33,4,1,26,747,759,58,2,3,0
12,美食林90后串炒饭,2022/9/8,17:20,4,1,26,747,759,58,2,3,0
8.2,百味佳副食一组,2022/9/8,11:49,4,1,26,747,759,58,2,1,0
4.1,友来副食一组,2022/9/8,7:56,4,1,26,747,759,58,2,0,0
5,淘乐学苑水果,2022/9/7,17:56,3,1,17,744.6,756.9,77,7,3,0
14,美食林真牛铁板,2022/9/7,17:37,3,1,17,744.6,756.9,77,7,3,0
10,美食林真牛铁板,2022/9/7,17:37,3,1,17,744.6,756.9,77,7,3,0
3.2,友来副食一组,2022/9/7,7:09,3,1,17,744.6,756.9,77,7,0,0
5,淘乐学苑水果,2022/9/6,17:22,2,1,20,739.5,751.6,53,3,3,0
15,美食林真牛铁板,2022/9/6,17:08,2,1,20,739.5,751.6,53,3,3,0
14.2,百味佳展销组,2022/9/6,11:55,2,1,20,739.5,751.6,53,3,1,0
5,淘乐学苑水果,2022/9/5,17:59,1,1,18,741.7,753.9,100,4,3,1
27.6,美食林海南鸡饭,2022/9/5,17:42,1,1,18,741.7,753.9,100,4,3,1
12.7,百味佳副食一组,2022/9/5,11:27,1,1,18,741.7,753.9,100,4,1,1
4.1,友来副食一组,2022/9/5,7:05,1,1,18,741.7,753.9,100,4,0,1
9,民族餐厅山西面,2022/9/4,17:35,7,0,22,744.8,756.9,73,4,3,0
5,淘乐学苑水果,2022/9/4,11:32,7,0,22,744.8,756.9,73,4,1,0
15,美食林真牛铁板,2022/9/4,11:17,7,0,22,744.8,756.9,73,4,1,0
17.6,百味佳副食一组,2022/9/3,17:48,6,0,26,749.2,761.2,48,3,3,0
5,淘乐学苑水果,2022/9/2,17:31,5,1,25,750.7,762.8,42,7,3,0
12,美食林真牛铁板,2022/9/2,17:09,5,1,25,750.7,762.8,42,7,3,0
10,美食林真牛铁板,2022/9/2,11:36,5,1,25,750.7,762.8,42,7,1,0
5,淘乐学苑水果,2022/9/1,17:30,4,1,20,750.5,762.8,43,5,3,0
24,美食林90后串炒饭,2022/9/1,17:10,4,1,20,750.5,762.8,43,5,3,0
12,一区饺子园主食一组,2022/9/1,11:48,4,1,20,750.5,762.8,43,5,1,0
11,学苑食堂包子,2022/8/31,11:54,3,1,25,744.3,756.2,57,4,1,0
8,美食林九旦西北小吃,2022/8/30,17:30,2,1,21,746.8,759,69,2,3,0
5,淘乐学苑水果,2022/8/30,11:58,2,1,21,746.8,759,69,2,1,0
14,美食林广式猪脚饭,2022/8/30,11:37,2,1,21,746.8,759,69,2,1,0
7,淘乐学苑水果,2022/8/29,18:10,1,1,17,748.8,761.2,77,4,3,1
12,美食林陕西刀削面(罐罐面),2022/8/29,17:53,1,1,17,748.8,761.2,77,4,3,1
11,学苑食堂包子,2022/8/29,11:50,1,1,17,748.8,761.2,77,4,1,1
12,民族餐厅金家店,2022/8/28,16:39,7,0,25,747,759,51,4,2,0
13,美食林美美卤肉饭,2022/8/28,11:12,7,0,25,747,759,51,4,1,0
3.6,友来副食一组,2022/8/28,7:49,7,0,25,747,759,51,4,0,0
5.1,淘乐学苑水果,2022/8/27,17:32,6,0,21,744.1,756.2,60,5,3,0
12,美食林川蜀源烤鱼,2022/8/27,17:15,6,0,21,744.1,756.2,60,5,3,0
5,淘乐学苑水果,2022/8/27,11:21,6,0,21,744.1,756.2,60,5,1,0
12,美食林90后串炒饭,2022/8/27,11:00,6,0,21,744.1,756.2,60,5,1,0
5,淘乐学苑水果,2022/8/26,17:36,5,1,21,739.6,751.6,46,8,3,0
12,美食林庆丰黄焖鸡扣碗饭,2022/8/26,17:22,5,1,21,739.6,751.6,46,8,3,0
13,民族餐厅金家店,2022/8/26,11:39,5,1,21,739.6,751.6,46,8,1,0
8,一区饺子园主食一组,2022/8/25,11:45,4,1,17,739.4,751.6,94,5,1,1
5,淘乐学苑水果,2022/8/24,17:25,3,1,26,744.3,756.2,48,6,3,0
10,学苑食堂包子,2022/8/24,11:50,3,1,26,744.3,756.2,48,6,1,0
5,淘乐学苑水果,2022/8/23,17:55,2,1,22,744.1,756.2,57,6,3,0
16,美食林广式猪脚饭,2022/8/23,17:37,2,1,22,744.1,756.2,57,6,3,0
11.2,百味佳机器人收银组,2022/8/23,11:46,2,1,22,744.1,756.2,57,6,1,0
5,淘乐学苑水果,2022/8/22,17:30,1,1,18,733.4,745.5,94,9,3,1
5.4,一区饺子园凉菜组,2022/8/22,11:42,1,1,18,733.4,745.5,94,9,1,1
5,淘乐学苑水果,2022/7/15,18:15,5,1,25,738.2,750.1,79,5,3,0
13,美食林蜀香麻辣烫(川香麻辣烫),2022/7/15,18:13,5,1,25,738.2,750.1,79,5,3,0
5,淘乐学苑水果,2022/7/15,12:04,5,1,25,738.2,750.1,79,5,1,0
8,美食林九旦西北小吃,2022/7/15,11:46,5,1,25,738.2,750.1,79,5,1,0
0.25,学苑食堂副食三组,2022/7/15,7:24,5,1,25,738.2,750.1,79,5,0,0
3.5,学苑食堂副食三组,2022/7/15,7:24,5,1,25,738.2,750.1,79,5,0,0
5,淘乐学苑水果,2022/7/14,18:12,4,1,21,736.5,748.5,94,4,3,0
12,美食林蜀香麻辣烫(川香麻辣烫),2022/7/14,17:48,4,1,21,736.5,748.5,94,4,3,0
5.25,学苑食堂副食三组,2022/7/14,7:30,4,1,21,736.5,748.5,94,4,0,0
5,淘乐学苑水果,2022/7/13,18:05,3,1,26,740.5,752.3,84,3,3,0
11,美食林老上客砂锅,2022/7/13,18:03,3,1,26,740.5,752.3,84,3,3,0
4,学苑食堂霞姐饮品店,2022/7/13,12:21,3,1,26,740.5,752.3,84,3,1,0
12,美食林蜀香麻辣烫(川香麻辣烫),2022/7/13,11:55,3,1,26,740.5,752.3,84,3,1,0
31,中央红小月亮门店5,2022/7/11,17:45,1,1,27,743.5,755.4,70,2,3,0
5,淘乐学苑水果,2022/7/11,17:32,1,1,27,743.5,755.4,70,2,3,0
15,美食林蜀香麻辣烫(川香麻辣烫),2022/7/11,17:07,1,1,27,743.5,755.4,70,2,3,0
3.75,学苑食堂副食三组,2022/7/11,7:55,1,1,27,743.5,755.4,70,2,0,0
5,淘乐学苑水果,2022/7/10,11:51,7,0,29,742.1,753.9,51,5,1,0
2,学苑食堂霞姐饮品店,2022/7/10,11:29,7,0,29,742.1,753.9,51,5,1,0
2,美食林铁锅焖面,2022/7/10,11:27,7,0,29,742.1,753.9,51,5,1,0
10,美食林铁锅焖面,2022/7/10,11:26,7,0,29,742.1,753.9,51,5,1,0
3.5,学苑食堂副食三组,2022/7/10,7:32,7,0,29,742.1,753.9,51,5,0,0
5,淘乐学苑水果,2022/7/9,11:36,6,0,29,738.4,750.1,51,6,1,0
13,美食林陕西刀削面(罐罐面),2022/7/9,11:13,6,0,29,738.4,750.1,51,6,1,0
5.5,学苑食堂副食三组,2022/7/9,7:25,6,0,29,738.4,750.1,51,6,0,0
12.77,阳光副食二组,2022/7/8,11:54,5,1,28,737.6,749.3,70,3,1,0
3.5,学苑食堂副食三组,2022/7/7,7:30,4,1,23,740.3,752.3,94,2,0,1
5,淘乐学苑水果,2022/7/6,18:07,3,1,31,741.4,753.1,66,4,3,0
15,美食林真牛铁板,2022/7/6,18:06,3,1,31,741.4,753.1,66,4,3,0
9,学苑食堂重庆小面,2022/7/6,12:05,3,1,31,741.4,753.1,66,4,1,0
3.5,学苑食堂副食三组,2022/7/6,7:44,3,1,31,741.4,753.1,66,4,0,0
5,淘乐学苑水果,2022/7/5,17:37,2,1,28,742.1,753.9,74,4,3,0
15,美食林陕西刀削面(罐罐面),2022/7/5,17:16,2,1,28,742.1,753.9,74,4,3,0
5.5,学苑食堂副食三组,2022/7/5,7:28,2,1,28,742.1,753.9,74,4,0,0
3.5,学苑食堂副食三组,2022/7/4,7:17,1,1,27,741.3,753.1,74,4,0,0
8,学苑食堂重庆小面,2022/7/3,13:26,7,0,28,742.1,753.9,70,6,2,0
5.5,骄子园主食一组,2022/7/3,7:09,7,0,28,742.1,753.9,70,6,0,0
0.2,B02公寓浴池,2022/7/2,21:48,6,0,27,743.5,755.4,74,3,4,0
0.22,B02公寓浴池,2022/7/2,21:47,6,0,27,743.5,755.4,74,3,4,0
0.12,B02公寓浴池,2022/7/2,21:44,6,0,27,743.5,755.4,74,3,4,0
0.06,B02公寓浴池,2022/7/2,21:43,6,0,27,743.5,755.4,74,3,4,0
0.03,B02公寓浴池,2022/7/2,21:41,6,0,27,743.5,755.4,74,3,4,0
19,中央红小月亮B02,2022/7/2,17:20,6,0,27,743.5,755.4,74,3,3,0
5,四季百果锦绣水果,2022/7/2,11:40,6,0,27,743.5,755.4,74,3,1,0
12,锦绣食堂副食二组,2022/7/2,11:20,6,0,27,743.5,755.4,74,3,1,0
1.7,中央红小月亮B02,2022/7/2,7:45,6,0,27,743.5,755.4,74,3,0,0
5,中央红小月亮B02,2022/7/2,7:45,6,0,27,743.5,755.4,74,3,0,0
7.7,中央红小月亮B02,2022/7/1,22:14,5,1,29,745.1,756.9,62,2,4,0
0.17,B02公寓浴池,2022/7/1,20:47,5,1,29,745.1,756.9,62,2,4,0
0.43,B02公寓浴池,2022/7/1,20:44,5,1,29,745.1,756.9,62,2,4,0
0.08,B02公寓浴池,2022/7/1,20:41,5,1,29,745.1,756.9,62,2,4,0
9,四季百果锦绣水果,2022/7/1,11:23,5,1,29,745.1,756.9,62,2,1,0
5,四季百果锦绣水果,2022/7/1,11:02,5,1,29,745.1,756.9,62,2,1,0
12,锦绣食堂王记手工土豆粉,2022/7/1,11:01,5,1,29,745.1,756.9,62,2,1,0
1.7,中央红小月亮B02,2022/7/1,7:42,5,1,29,745.1,756.9,62,2,0,0
4.5,骄子园主食一组,2022/7/1,7:40,5,1,29,745.1,756.9,62,2,0,0
12.7,中央红小月亮B02,2022/6/30,21:27,4,1,29,743.6,755.4,51,4,4,0
0.17,B02公寓浴池,2022/6/30,21:05,4,1,29,743.6,755.4,51,4,4,0
0.22,B02公寓浴池,2022/6/30,21:03,4,1,29,743.6,755.4,51,4,4,0
0.19,B02公寓浴池,2022/6/30,21:02,4,1,29,743.6,755.4,51,4,4,0
0.09,B02公寓浴池,2022/6/30,21:02,4,1,29,743.6,755.4,51,4,4,0
5,四季百果锦绣水果,2022/6/30,17:45,4,1,29,743.6,755.4,51,4,3,0
12,锦绣食堂副食二组,2022/6/30,17:24,4,1,29,743.6,755.4,51,4,3,0
7,锦绣食堂副食二组,2022/6/30,11:30,4,1,29,743.6,755.4,51,4,1,0
2.5,中央红小月亮B02,2022/6/30,7:03,4,1,29,743.6,755.4,51,4,0,0
5.5,锦绣食堂副食二组,2022/6/30,6:51,4,1,29,743.6,755.4,51,4,0,0
0.22,B02公寓浴池,2022/6/29,21:23,3,1,28,739.8,751.6,58,5,4,0
0.14,B02公寓浴池,2022/6/29,21:21,3,1,28,739.8,751.6,58,5,4,0
0.17,B02公寓浴池,2022/6/29,21:19,3,1,28,739.8,751.6,58,5,4,0
0.11,B02公寓浴池,2022/6/29,21:17,3,1,28,739.8,751.6,58,5,4,0
4.76,四季百果锦绣水果,2022/6/29,17:36,3,1,28,739.8,751.6,58,5,3,0
12,锦绣食堂副食二组,2022/6/29,17:18,3,1,28,739.8,751.6,58,5,3,0
4,中央红小月亮B02,2022/6/29,13:04,3,1,28,739.8,751.6,58,5,2,0
11,锦绣食堂副食二组,2022/6/29,11:17,3,1,28,739.8,751.6,58,5,1,0
2.5,中央红小月亮B02,2022/6/29,7:05,3,1,28,739.8,751.6,58,5,0,0
5.5,锦绣食堂副食二组,2022/6/29,6:56,3,1,28,739.8,751.6,58,5,0,0
5.98,四季百果锦绣水果,2022/6/28,17:37,2,1,26,735.2,747,74,7,3,0
10,锦绣食堂这家有面,2022/6/28,17:37,2,1,26,735.2,747,74,7,3,0
0.19,B02公寓浴池,2022/6/28,17:32,2,1,26,735.2,747,74,7,3,0
0.16,B02公寓浴池,2022/6/28,17:28,2,1,26,735.2,747,74,7,3,0
0.12,B02公寓浴池,2022/6/28,17:27,2,1,26,735.2,747,74,7,3,0
0.17,B02公寓浴池,2022/6/28,17:25,2,1,26,735.2,747,74,7,3,0
15,锦绣食堂副食二组,2022/6/28,11:07,2,1,26,735.2,747,74,7,1,0
3.5,锦绣食堂主食一组,2022/6/28,6:45,2,1,26,735.2,747,74,7,0,0
4,中央红小月亮B02,2022/6/27,20:51,1,1,29,742.1,753.9,62,3,4,0
0.22,B02公寓浴池,2022/6/27,20:17,1,1,29,742.1,753.9,62,3,4,0
0.22,B02公寓浴池,2022/6/27,20:17,1,1,29,742.1,753.9,62,3,4,0
5,四季百果锦绣水果,2022/6/27,17:21,1,1,29,742.1,753.9,62,3,3,0
12,锦绣食堂副食二组,2022/6/27,17:20,1,1,29,742.1,753.9,62,3,3,0
7,锦绣食堂副食二组,2022/6/27,11:23,1,1,29,742.1,753.9,62,3,1,0
5.5,锦绣食堂副食二组,2022/6/27,6:58,1,1,29,742.1,753.9,62,3,0,0
0.2,B02公寓浴池,2022/6/26,20:32,7,0,27,740.5,752.3,66,3,4,0
13,锦绣食堂副食二组,2022/6/26,17:51,7,0,27,740.5,752.3,66,3,3,0
0.19,B02公寓浴池,2022/6/26,17:35,7,0,27,740.5,752.3,66,3,3,0
0.24,B02公寓浴池,2022/6/26,17:33,7,0,27,740.5,752.3,66,3,3,0
0.16,B02公寓浴池,2022/6/26,17:32,7,0,27,740.5,752.3,66,3,3,0
0.12,B02公寓浴池,2022/6/26,17:29,7,0,27,740.5,752.3,66,3,3,0
9,锦绣食堂副食二组,2022/6/26,11:21,7,0,27,740.5,752.3,66,3,1,0
5.5,中央红小月亮B02,2022/6/26,6:59,7,0,27,740.5,752.3,66,3,0,0
5,四季百果锦绣水果,2022/6/25,17:53,6,0,25,733.7,745.5,69,5,3,0
12,锦绣食堂这家有面,2022/6/25,17:52,6,0,25,733.7,745.5,69,5,3,0
0.16,B02公寓浴池,2022/6/25,17:29,6,0,25,733.7,745.5,69,5,3,0
0.27,B02公寓浴池,2022/6/25,17:27,6,0,25,733.7,745.5,69,5,3,0
0.12,B02公寓浴池,2022/6/25,17:25,6,0,25,733.7,745.5,69,5,3,0
0.06,B02公寓浴池,2022/6/25,17:24,6,0,25,733.7,745.5,69,5,3,0
12,锦绣食堂副食二组,2022/6/25,11:17,6,0,25,733.7,745.5,69,5,1,0
5.5,骄子园主食一组,2022/6/25,6:50,6,0,25,733.7,745.5,69,5,0,0
5,四季百果锦绣水果,2022/6/24,17:53,5,1,24,730.1,741.9,65,3,3,0
11,锦绣食堂副食二组,2022/6/24,17:52,5,1,24,730.1,741.9,65,3,3,0
0.19,B02公寓浴池,2022/6/24,17:36,5,1,24,730.1,741.9,65,3,3,0
0.12,B02公寓浴池,2022/6/24,17:34,5,1,24,730.1,741.9,65,3,3,0
0.16,B02公寓浴池,2022/6/24,17:33,5,1,24,730.1,741.9,65,3,3,0
0.06,B02公寓浴池,2022/6/24,17:32,5,1,24,730.1,741.9,65,3,3,0
8,锦绣食堂副食二组,2022/6/24,11:20,5,1,24,730.1,741.9,65,3,1,0
4.5,锦绣食堂副食二组,2022/6/24,6:52,5,1,24,730.1,741.9,65,3,0,0
5,四季百果锦绣水果,2022/6/23,17:46,4,1,26,736,747.8,61,3,3,0
2,锦绣食堂这家有面,2022/6/23,17:44,4,1,26,736,747.8,61,3,3,0
10,锦绣食堂这家有面,2022/6/23,17:44,4,1,26,736,747.8,61,3,3,0
0.17,B02公寓浴池,2022/6/23,17:27,4,1,26,736,747.8,61,3,3,0
0.14,B02公寓浴池,2022/6/23,17:25,4,1,26,736,747.8,61,3,3,0
0.12,B02公寓浴池,2022/6/23,17:24,4,1,26,736,747.8,61,3,3,0
0.08,B02公寓浴池,2022/6/23,17:22,4,1,26,736,747.8,61,3,3,0
12,锦绣食堂副食二组,2022/6/23,11:11,4,1,26,736,747.8,61,3,1,0
3.5,锦绣食堂副食二组,2022/6/23,7:09,4,1,26,736,747.8,61,3,0,0
5,四季百果清泽水果,2022/6/22,18:30,3,1,29,739.1,750.8,51,9,3,0
6,骄子园主食一组,2022/6/22,18:29,3,1,29,739.1,750.8,51,9,3,0
0.19,B02公寓浴池,2022/6/22,18:14,3,1,29,739.1,750.8,51,9,3,0
0.2,B02公寓浴池,2022/6/22,18:12,3,1,29,739.1,750.8,51,9,3,0
0.22,B02公寓浴池,2022/6/22,18:10,3,1,29,739.1,750.8,51,9,3,0
0.08,B02公寓浴池,2022/6/22,18:08,3,1,29,739.1,750.8,51,9,3,0
11,锦绣食堂湘汁拌饭,2022/6/22,11:10,3,1,29,739.1,750.8,51,9,1,0
0.4,B02公寓浴池,2022/6/21,22:09,2,1,28,737.6,749.3,55,8,4,0
0.11,B02公寓浴池,2022/6/21,22:05,2,1,28,737.6,749.3,55,8,4,0
0.09,B02公寓浴池,2022/6/21,22:03,2,1,28,737.6,749.3,55,8,4,0
11,锦绣食堂副食二组,2022/6/21,11:05,2,1,28,737.6,749.3,55,8,1,0
5,四季百果锦绣水果,2022/6/21,7:03,2,1,28,737.6,749.3,55,8,0,0
3.5,锦绣食堂副食二组,2022/6/21,6:55,2,1,28,737.6,749.3,55,8,0,0
0.16,B02公寓浴池,2022/6/20,18:19,1,1,28,738.4,750.1,66,6,3,1
0.14,B02公寓浴池,2022/6/20,18:18,1,1,28,738.4,750.1,66,6,3,1
0.16,B02公寓浴池,2022/6/20,18:17,1,1,28,738.4,750.1,66,6,3,1
0.04,B02公寓浴池,2022/6/20,18:16,1,1,28,738.4,750.1,66,6,3,1
10,天香特色玉霖馄饨,2022/6/20,17:44,1,1,28,738.4,750.1,66,6,3,1
2,锦绣食堂水吧,2022/6/20,11:24,1,1,28,738.4,750.1,66,6,1,1
7,锦绣食堂副食二组,2022/6/20,11:23,1,1,28,738.4,750.1,66,6,1,1
5.6,锦绣食堂副食二组,2022/6/20,7:11,1,1,28,738.4,750.1,66,6,0,1
0.46,B02公寓浴池,2022/6/19,20:02,7,0,27,741.3,753.1,51,3,4,0
12,天香特色铁板沸腾鱼(碗碗香麻辣烫),2022/6/19,16:40,7,0,27,741.3,753.1,51,3,2,0
0.35,B02公寓浴池,2022/6/18,8:14,6,0,28,741.3,753.1,45,5,0,0
0.09,B02公寓浴池,2022/6/18,8:12,6,0,28,741.3,753.1,45,5,0,0
0.03,B02公寓浴池,2022/6/18,8:11,6,0,28,741.3,753.1,45,5,0,0
0.2,B02公寓浴池,2022/6/17,2:02,5,1,24,738.9,750.8,61,5,4,0
0.17,B02公寓浴池,2022/6/17,2:02,5,1,24,738.9,750.8,61,5,4,0
0.14,B02公寓浴池,2022/6/17,2:01,5,1,24,738.9,750.8,61,5,4,0
0.04,B02公寓浴池,2022/6/17,2:01,5,1,24,738.9,750.8,61,5,4,0
8.88,锦绣自选,2022/6/16,11:07,4,1,27,737.5,749.3,51,7,1,0
10,四季百果清泽水果,2022/6/15,18:16,3,1,25,741.2,753.1,65,5,3,0
12,锦绣食堂副食二组,2022/6/15,12:22,3,1,25,741.2,753.1,65,5,1,0
0.19,B02公寓浴池,2022/6/15,2:12,3,1,25,741.2,753.1,65,5,4,0
0.11,B02公寓浴池,2022/6/15,2:11,3,1,25,741.2,753.1,65,5,4,0
0.11,B02公寓浴池,2022/6/15,2:11,3,1,25,741.2,753.1,65,5,4,0
0.03,B02公寓浴池,2022/6/15,2:11,3,1,25,741.2,753.1,65,5,4,0
7,锦绣食堂副食二组,2022/6/14,11:59,2,1,24,746.2,758.2,65,3,1,0
0.3,B02公寓浴池,2022/6/14,2:06,2,1,24,746.2,758.2,65,3,4,0
0.11,B02公寓浴池,2022/6/14,2:05,2,1,24,746.2,758.2,65,3,4,0
5,四季百果清泽水果,2022/6/13,17:40,1,1,20,744.1,756.2,83,4,3,1
14,民族二餐厅清真回回头,2022/6/13,17:32,1,1,20,744.1,756.2,83,4,3,1
7,锦绣食堂副食二组,2022/6/13,12:01,1,1,20,744.1,756.2,83,4,1,1
0.17,B02公寓浴池,2022/6/13,2:07,1,1,20,744.1,756.2,83,4,4,1
0.08,B02公寓浴池,2022/6/13,2:07,1,1,20,744.1,756.2,83,4,4,1
5,四季百果锦绣水果,2022/6/12,11:44,7,0,26,745,756.9,45,4,1,0
15,锦绣食堂副食二组,2022/6/12,11:29,7,0,26,745,756.9,45,4,1,0
0.19,B02公寓浴池,2022/6/12,2:02,7,0,26,745,756.9,45,4,4,0
0.12,B02公寓浴池,2022/6/12,2:01,7,0,26,745,756.9,45,4,4,0
0.09,B02公寓浴池,2022/6/12,2:01,7,0,26,745,756.9,45,4,4,0
0.04,B02公寓浴池,2022/6/12,2:00,7,0,26,745,756.9,45,4,4,0
5,四季百果锦绣水果,2022/6/11,17:25,6,0,25,748.5,760.5,51,2,3,0
11,锦绣食堂湘汁拌饭,2022/6/11,17:12,6,0,25,748.5,760.5,51,2,3,0
7,锦绣食堂副食二组,2022/6/11,11:25,6,0,25,748.5,760.5,51,2,1,0
4.5,骄子园主食一组,2022/6/11,7:47,6,0,25,748.5,760.5,51,2,0,0
5,四季百果清泽水果,2022/6/10,17:43,5,1,24,747.7,759.7,61,1,3,0
12,民族二餐厅朝鲜族风味,2022/6/10,17:31,5,1,24,747.7,759.7,61,1,3,0
0.2,B02公寓浴池,2022/6/10,8:13,5,1,24,747.7,759.7,61,1,0,0
0.16,B02公寓浴池,2022/6/10,8:11,5,1,24,747.7,759.7,61,1,0,0
0.12,B02公寓浴池,2022/6/10,8:09,5,1,24,747.7,759.7,61,1,0,0
0.08,B02公寓浴池,2022/6/10,8:08,5,1,24,747.7,759.7,61,1,0,0
10,四季百果清泽水果,2022/6/9,17:20,4,1,25,746.2,758.2,47,2,3,0
7.68,锦绣自选,2022/6/9,11:25,4,1,25,746.2,758.2,47,2,1,0
4.5,骄子园主食一组,2022/6/9,8:05,4,1,25,746.2,758.2,47,2,0,0
0.25,B02公寓浴池,2022/6/8,22:36,3,1,24,745.7,757.7,50,1,4,0
0.16,B02公寓浴池,2022/6/8,22:34,3,1,24,745.7,757.7,50,1,4,0
0.12,B02公寓浴池,2022/6/8,22:32,3,1,24,745.7,757.7,50,1,4,0
0.04,B02公寓浴池,2022/6/8,22:32,3,1,24,745.7,757.7,50,1,4,0
5,四季百果锦绣水果,2022/6/8,17:37,3,1,24,745.7,757.7,50,1,3,0
10,锦绣食堂湘汁拌饭,2022/6/8,17:29,3,1,24,745.7,757.7,50,1,3,0
8,民族二餐厅清真回回头,2022/6/8,11:31,3,1,24,745.7,757.7,50,1,1,0
0.36,B02公寓浴池,2022/6/8,2:05,3,1,24,745.7,757.7,50,1,4,0
0.09,B02公寓浴池,2022/6/8,2:04,3,1,24,745.7,757.7,50,1,4,0
5,四季百果锦绣水果,2022/6/7,17:53,2,1,20,744.7,756.9,53,4,3,0
5,四季百果锦绣水果,2022/6/7,17:34,2,1,20,744.7,756.9,53,4,3,0
10,锦绣食堂这家有面,2022/6/7,17:32,2,1,20,744.7,756.9,53,4,3,0
15,锦绣食堂副食二组,2022/6/7,11:48,2,1,20,744.7,756.9,53,4,1,0
4.5,骄子园主食一组,2022/6/7,7:42,2,1,20,744.7,756.9,53,4,0,0
0.22,B02公寓浴池,2022/6/7,2:03,2,1,20,744.7,756.9,53,4,4,0
0.08,B02公寓浴池,2022/6/7,2:03,2,1,20,744.7,756.9,53,4,4,0
5,四季百果清泽水果,2022/6/6,17:41,1,1,14,743,755.4,77,4,3,0
12,民族二餐厅五谷鲜渔粉副食二组,2022/6/6,11:24,1,1,14,743,755.4,77,4,1,0
5.5,骄子园主食一组,2022/6/6,7:26,1,1,14,743,755.4,77,4,0,0
0.38,B02公寓浴池,2022/6/6,2:04,1,1,14,743,755.4,77,4,4,0
0.09,B02公寓浴池,2022/6/6,2:03,1,1,14,743,755.4,77,4,4,0
0.11,B02公寓浴池,2022/6/6,2:03,1,1,14,743,755.4,77,4,4,0
0.06,B02公寓浴池,2022/6/6,2:02,1,1,14,743,755.4,77,4,4,0
5,四季百果清泽水果,2022/6/5,17:46,7,0,12,739.9,752.3,94,6,3,1
15,锦绣食堂副食二组,2022/6/5,11:35,7,0,12,739.9,752.3,94,6,1,1
0.22,B02公寓浴池,2022/6/5,2:07,7,0,12,739.9,752.3,94,6,4,1
0.19,B02公寓浴池,2022/6/5,2:07,7,0,12,739.9,752.3,94,6,4,1
0.17,B02公寓浴池,2022/6/5,2:06,7,0,12,739.9,752.3,94,6,4,1
0.11,B02公寓浴池,2022/6/5,2:06,7,0,12,739.9,752.3,94,6,4,1
5,四季百果锦绣水果,2022/6/4,17:42,6,0,21,744.1,756.2,57,5,3,0
12,锦绣食堂副食二组,2022/6/4,17:26,6,0,21,744.1,756.2,57,5,3,0
12.96,锦绣自选,2022/6/4,11:20,6,0,21,744.1,756.2,57,5,1,0
2,B07公寓浴池,2022/6/3,13:52,5,0,23,744.9,756.9,38,5,2,0
16,民族二餐厅自助榆林镇筋饼,2022/6/3,11:37,5,0,23,744.9,756.9,38,5,1,0
10,四季百果清泽水果,2022/6/2,17:21,4,1,22,741.1,753.1,44,2,3,0
12,民族二餐厅朝鲜族风味,2022/6/2,11:28,4,1,22,741.1,753.1,44,2,1,0
5,骄子园主食一组,2022/6/2,7:16,4,1,22,741.1,753.1,44,2,0,0
5,四季百果清泽水果,2022/6/1,17:34,3,1,21,736.5,748.5,50,2,3,0
13,民族二餐厅五谷鲜渔粉副食二组,2022/6/1,17:16,3,1,21,736.5,748.5,50,2,3,0
7,锦绣食堂副食二组,2022/6/1,11:45,3,1,21,736.5,748.5,50,2,1,0
12,锦绣食堂这家有面,2022/5/31,17:30,2,1,20,737.3,749.3,40,6,3,0
8,锦绣食堂副食二组,2022/5/31,11:45,2,1,20,737.3,749.3,40,6,1,0
5.5,骄子园主食一组,2022/5/31,7:40,2,1,20,737.3,749.3,40,6,0,0
0.2,B02公寓浴池,2022/5/31,2:02,2,1,20,737.3,749.3,40,6,4,0
0.14,B02公寓浴池,2022/5/31,2:02,2,1,20,737.3,749.3,40,6,4,0
0.19,B02公寓浴池,2022/5/31,2:01,2,1,20,737.3,749.3,40,6,4,0
0.06,B02公寓浴池,2022/5/31,2:01,2,1,20,737.3,749.3,40,6,4,0
10,民族二餐厅清真回回头,2022/5/30,11:41,1,1,19,737.2,749.3,52,6,1,0
3.5,骄子园主食一组,2022/5/30,7:28,1,1,19,737.2,749.3,52,6,0,0
0.24,B02公寓浴池,2022/5/30,2:04,1,1,19,737.2,749.3,52,6,4,0
0.12,B02公寓浴池,2022/5/30,2:03,1,1,19,737.2,749.3,52,6,4,0
10,四季百果锦绣水果,2022/5/29,17:57,7,0,22,732.8,744.7,65,4,3,0
14,锦绣食堂副食二组,2022/5/29,17:56,7,0,22,732.8,744.7,65,4,3,0
5,四季百果清泽水果,2022/5/29,11:39,7,0,22,732.8,744.7,65,4,1,0
12,民族二餐厅朝鲜族风味,2022/5/29,11:25,7,0,22,732.8,744.7,65,4,1,0
0.17,B02公寓浴池,2022/5/28,21:35,6,0,24,733.7,745.5,47,6,4,0
0.24,B02公寓浴池,2022/5/28,21:33,6,0,24,733.7,745.5,47,6,4,0
0.12,B02公寓浴池,2022/5/28,21:32,6,0,24,733.7,745.5,47,6,4,0
0.08,B02公寓浴池,2022/5/28,21:29,6,0,24,733.7,745.5,47,6,4,0
8,民族二餐厅自助榆林镇筋饼,2022/5/28,17:43,6,0,24,733.7,745.5,47,6,3,0
15,锦绣食堂副食二组,2022/5/28,11:50,6,0,24,733.7,745.5,47,6,1,0
0.27,B02公寓浴池,2022/5/28,2:05,6,0,24,733.7,745.5,47,6,4,0
0.2,B02公寓浴池,2022/5/28,2:04,6,0,24,733.7,745.5,47,6,4,0
7,天香食堂副食一组,2022/5/27,17:41,5,1,17,735.7,747.8,73,3,3,0
3,天香食堂凉菜组,2022/5/27,17:40,5,1,17,735.7,747.8,73,3,3,0
10,民族二餐厅清真回回头,2022/5/27,11:30,5,1,17,735.7,747.8,73,3,1,0
3.5,骄子园主食一组,2022/5/27,7:22,5,1,17,735.7,747.8,73,3,0,0
0.17,B02公寓浴池,2022/5/27,2:04,5,1,17,735.7,747.8,73,3,4,0
0.16,B02公寓浴池,2022/5/27,2:03,5,1,17,735.7,747.8,73,3,4,0
0.12,B02公寓浴池,2022/5/27,2:03,5,1,17,735.7,747.8,73,3,4,0
0.04,B02公寓浴池,2022/5/27,2:03,5,1,17,735.7,747.8,73,3,4,0
7.25,四季百果清泽水果,2022/5/26,17:49,4,1,14,736.2,748.5,88,4,3,1
9,骄子园主食一组,2022/5/26,17:49,4,1,14,736.2,748.5,88,4,3,1
15,锦绣食堂副食二组,2022/5/26,11:14,4,1,14,736.2,748.5,88,4,1,1
5,骄子园主食一组,2022/5/26,7:22,4,1,14,736.2,748.5,88,4,0,1
0.44,B02公寓浴池,2022/5/26,2:07,4,1,14,736.2,748.5,88,4,4,1
0.16,B02公寓浴池,2022/5/26,2:06,4,1,14,736.2,748.5,88,4,4,1
4.75,四季百果锦绣水果,2022/5/25,17:12,3,1,12,742.9,755.4,82,5,3,1
12,锦绣食堂副食二组,2022/5/25,17:03,3,1,12,742.9,755.4,82,5,3,1
7,锦绣食堂副食二组,2022/5/25,11:50,3,1,12,742.9,755.4,82,5,1,1
0.22,B02公寓浴池,2022/5/25,2:07,3,1,12,742.9,755.4,82,5,4,1
0.33,B02公寓浴池,2022/5/25,2:06,3,1,12,742.9,755.4,82,5,4,1
0.16,B02公寓浴池,2022/5/25,2:06,3,1,12,742.9,755.4,82,5,4,1
0.08,B02公寓浴池,2022/5/25,2:05,3,1,12,742.9,755.4,82,5,4,1
4.15,四季百果清泽水果,2022/5/24,17:52,2,1,21,744.1,756.2,33,11,3,0
13,民族二餐厅朝鲜族风味,2022/5/24,17:38,2,1,21,744.1,756.2,33,11,3,0
7,锦绣食堂副食二组,2022/5/24,11:49,2,1,21,744.1,756.2,33,11,1,0
5,骄子园主食一组,2022/5/24,7:18,2,1,21,744.1,756.2,33,11,0,0
0.38,B02公寓浴池,2022/5/24,2:13,2,1,21,744.1,756.2,33,11,4,0
0.11,B02公寓浴池,2022/5/24,2:12,2,1,21,744.1,756.2,33,11,4,0
10,四季百果锦绣水果,2022/5/23,18:03,1,1,30,739.9,751.6,29,7,3,0
15,锦绣食堂副食二组,2022/5/23,17:55,1,1,30,739.9,751.6,29,7,3,0
9,民族二餐厅自助榆林镇筋饼,2022/5/23,11:36,1,1,30,739.9,751.6,29,7,1,0
4.5,骄子园主食一组,2022/5/23,7:16,1,1,30,739.9,751.6,29,7,0,0
0.17,B02公寓浴池,2022/5/23,2:04,1,1,30,739.9,751.6,29,7,4,0
0.09,B02公寓浴池,2022/5/23,2:04,1,1,30,739.9,751.6,29,7,4,0
0.14,B02公寓浴池,2022/5/23,2:03,1,1,30,739.9,751.6,29,7,4,0
0.14,B02公寓浴池,2022/5/23,2:03,1,1,30,739.9,751.6,29,7,4,0
12,民族二餐厅自助榆林镇筋饼,2022/5/22,18:37,7,0,24,743.4,755.4,31,4,3,0
5,四季百果清泽水果,2022/5/22,18:35,7,0,24,743.4,755.4,31,4,3,0
5,骄子园主食一组,2022/5/22,7:59,7,0,24,743.4,755.4,31,4,0,0
0.3,B02公寓浴池,2022/5/22,2:02,7,0,24,743.4,755.4,31,4,4,0
0.09,B02公寓浴池,2022/5/22,2:02,7,0,24,743.4,755.4,31,4,4,0
8.64,锦绣自选,2022/5/21,17:13,6,0,23,740.3,752.3,38,5,3,0
5,四季百果清泽水果,2022/5/21,11:55,6,0,23,740.3,752.3,38,5,1,0
9,民族二餐厅清真回回头,2022/5/21,11:49,6,0,23,740.3,752.3,38,5,1,0
0.28,B02公寓浴池,2022/5/21,2:06,6,0,23,740.3,752.3,38,5,4,0
0.12,B02公寓浴池,2022/5/21,2:05,6,0,23,740.3,752.3,38,5,4,0
0.14,B02公寓浴池,2022/5/21,2:05,6,0,23,740.3,752.3,38,5,4,0
0.06,B02公寓浴池,2022/5/21,2:04,6,0,23,740.3,752.3,38,5,4,0
5,四季百果清泽水果,2022/5/20,17:59,5,1,29,741.4,753.1,23,8,3,0
14,民族二餐厅五谷鲜渔粉副食二组,2022/5/20,17:39,5,1,29,741.4,753.1,23,8,3,0
5.5,骄子园主食一组,2022/5/20,7:20,5,1,29,741.4,753.1,23,8,0,0
0.22,B02公寓浴池,2022/5/19,22:28,4,1,24,742.6,754.6,34,2,4,0
0.14,B02公寓浴池,2022/5/19,22:26,4,1,24,742.6,754.6,34,2,4,0
0.12,B02公寓浴池,2022/5/19,22:25,4,1,24,742.6,754.6,34,2,4,0
0.09,B02公寓浴池,2022/5/19,22:23,4,1,24,742.6,754.6,34,2,4,0
8.58,四季百果清泽水果,2022/5/19,17:40,4,1,24,742.6,754.6,34,2,3,0
8,民族二餐厅清真回回头,2022/5/19,17:23,4,1,24,742.6,754.6,34,2,3,0
8,民族二餐厅自助榆林镇筋饼,2022/5/19,11:37,4,1,24,742.6,754.6,34,2,1,0
5,骄子园主食一组,2022/5/19,7:23,4,1,24,742.6,754.6,34,2,0,0
0.19,B02公寓浴池,2022/5/19,2:04,4,1,24,742.6,754.6,34,2,4,0
0.08,B02公寓浴池,2022/5/19,2:03,4,1,24,742.6,754.6,34,2,4,0
12,骄子园主食一组,2022/5/18,17:34,3,1,23,746.1,758.2,17,3,3,0
5,四季百果清泽水果,2022/5/18,17:33,3,1,23,746.1,758.2,17,3,3,0
7,锦绣食堂副食二组,2022/5/18,11:47,3,1,23,746.1,758.2,17,3,1,0
5,骄子园主食一组,2022/5/18,7:24,3,1,23,746.1,758.2,17,3,0,0
0.24,B02公寓浴池,2022/5/17,22:16,2,1,24,740.4,752.3,24,9,4,0
0.14,B02公寓浴池,2022/5/17,22:12,2,1,24,740.4,752.3,24,9,4,0
0.14,B02公寓浴池,2022/5/17,22:11,2,1,24,740.4,752.3,24,9,4,0
0.06,B02公寓浴池,2022/5/17,22:09,2,1,24,740.4,752.3,24,9,4,0
8,四季百果清泽水果,2022/5/17,18:09,2,1,24,740.4,752.3,24,9,3,0
8,锦绣食堂副食二组,2022/5/17,11:41,2,1,24,740.4,752.3,24,9,1,0
3.3,骄子园主食一组,2022/5/17,7:16,2,1,24,740.4,752.3,24,9,0,0
0.27,B02公寓浴池,2022/5/17,2:06,2,1,24,740.4,752.3,24,9,4,0
0.08,B02公寓浴池,2022/5/17,2:06,2,1,24,740.4,752.3,24,9,4,0
14,四季百果清泽水果                        ,2022/5/16,18:07,1,1,17,740.1,752.3,34,3,3,0
11,民族二餐厅自助榆林镇筋饼                ,2022/5/16,17:46,1,1,17,740.1,752.3,34,3,3,0
5.5,骄子园主食一组                          ,2022/5/16,7:21,1,1,17,740.1,752.3,34,3,0,0
0.2,B02公寓浴池                             ,2022/5/16,2:05,1,1,17,740.1,752.3,34,3,4,0
0.11,B02公寓浴池                             ,2022/5/16,2:04,1,1,17,740.1,752.3,34,3,4,0
0.11,B02公寓浴池                             ,2022/5/16,2:04,1,1,17,740.1,752.3,34,3,4,0
0.04,B02公寓浴池                             ,2022/5/16,2:03,1,1,17,740.1,752.3,34,3,4,0
11,清泽食堂重庆小面                        ,2022/5/15,17:50,7,0,19,739.5,751.6,32,9,3,1
0.35,B02公寓浴池                             ,2022/5/15,14:48,7,0,19,739.5,751.6,32,9,2,1
0.16,B02公寓浴池                             ,2022/5/15,14:48,7,0,19,739.5,751.6,32,9,2,1
0.09,B02公寓浴池                             ,2022/5/15,14:47,7,0,19,739.5,751.6,32,9,2,1
7,四季百果锦绣水果                        ,2022/5/15,11:42,7,0,19,739.5,751.6,32,9,1,1
7.44,锦绣自选                                ,2022/5/15,11:32,7,0,19,739.5,751.6,32,9,1,1
7,四季百果清泽水果                        ,2022/5/14,18:31,6,0,15,743.1,755.4,34,5,3,0
13,民族二餐厅五谷鲜渔粉副食二组            ,2022/5/14,18:09,6,0,15,743.1,755.4,34,5,3,0
7,四季百果清泽水果                        ,2022/5/14,11:56,6,0,15,743.1,755.4,34,5,1,0
10.32,锦绣自选                                ,2022/5/14,11:33,6,0,15,743.1,755.4,34,5,1,0
0.2,B02公寓浴池                             ,2022/5/14,2:10,6,0,15,743.1,755.4,34,5,4,0
0.08,B02公寓浴池                             ,2022/5/14,2:10,6,0,15,743.1,755.4,34,5,4,0
0.11,B02公寓浴池                             ,2022/5/14,2:10,6,0,15,743.1,755.4,34,5,4,0
0.04,B02公寓浴池                             ,2022/5/14,2:09,6,0,15,743.1,755.4,34,5,4,0
7,四季百果锦绣水果                        ,2022/5/13,17:41,5,1,13,743.8,756.2,41,3,3,0
15,锦绣食堂副食二组                        ,2022/5/13,17:30,5,1,13,743.8,756.2,41,3,3,0
0.5,骄子园主食一组                          ,2022/5/13,7:19,5,1,13,743.8,756.2,41,3,0,0
4,骄子园主食一组                          ,2022/5/13,7:19,5,1,13,743.8,756.2,41,3,0,0
0.22,B02公寓浴池                             ,2022/5/12,22:47,4,1,14,746.6,759,36,9,4,0
0.14,B02公寓浴池                             ,2022/5/12,22:47,4,1,14,746.6,759,36,9,4,0
0.12,B02公寓浴池                             ,2022/5/12,22:43,4,1,14,746.6,759,36,9,4,0
0.08,B02公寓浴池                             ,2022/5/12,22:41,4,1,14,746.6,759,36,9,4,0
9,民族二餐厅清真回回头                    ,2022/5/12,11:40,4,1,14,746.6,759,36,9,1,0
5.5,骄子园主食一组                          ,2022/5/12,7:16,4,1,14,746.6,759,36,9,0,0
0.17,B02公寓浴池                             ,2022/5/12,2:02,4,1,14,746.6,759,36,9,4,0
0.06,B02公寓浴池                             ,2022/5/12,2:02,4,1,14,746.6,759,36,9,4,0
0.11,B02公寓浴池                             ,2022/5/12,2:02,4,1,14,746.6,759,36,9,4,0
0.04,B02公寓浴池                             ,2022/5/12,2:01,4,1,14,746.6,759,36,9,4,0
7,四季百果锦绣水果                        ,2022/5/11,17:49,3,1,13,746.5,759,51,7,3,0
12,锦绣食堂副食二组                        ,2022/5/11,17:41,3,1,13,746.5,759,51,7,3,0
14,民族二餐厅五谷鲜渔粉副食二组            ,2022/5/11,11:12,3,1,13,746.5,759,51,7,1,0
3.5,骄子园主食一组                          ,2022/5/11,7:17,3,1,13,746.5,759,51,7,0,0
0.25,B02公寓浴池                             ,2022/5/10,22:37,2,1,23,744.9,756.9,23,12,4,0
0.12,B02公寓浴池                             ,2022/5/10,22:35,2,1,23,744.9,756.9,23,12,4,0
0.16,B02公寓浴池                             ,2022/5/10,22:34,2,1,23,744.9,756.9,23,12,4,0
0.06,B02公寓浴池                             ,2022/5/10,22:32,2,1,23,744.9,756.9,23,12,4,0
8.64,锦绣自选                                ,2022/5/10,17:37,2,1,23,744.9,756.9,23,12,3,0
8,锦绣食堂副食二组                        ,2022/5/10,11:42,2,1,23,744.9,756.9,23,12,1,0
5,骄子园主食一组                          ,2022/5/10,7:07,2,1,23,744.9,756.9,23,12,0,0
0.12,B02公寓浴池                             ,2022/5/10,2:07,2,1,23,744.9,756.9,23,12,4,0
0.19,B02公寓浴池                             ,2022/5/10,2:07,2,1,23,744.9,756.9,23,12,4,0
8,四季百果锦绣水果                        ,2022/5/9,17:34,1,1,25,749.2,761.2,14,8,3,0
13,锦绣食堂这家有面                        ,2022/5/9,17:22,1,1,25,749.2,761.2,14,8,3,0
8,四季百果锦绣水果                        ,2022/5/9,11:37,1,1,25,749.2,761.2,14,8,1,0
12,锦绣食堂副食二组                        ,2022/5/9,11:26,1,1,25,749.2,761.2,14,8,1,0
5.5,骄子园主食一组                          ,2022/5/9,7:15,1,1,25,749.2,761.2,14,8,0,0
0.33,B02公寓浴池                             ,2022/5/8,22:51,7,0,17,751.9,764.3,24,3,4,0
0.19,B02公寓浴池                             ,2022/5/8,22:48,7,0,17,751.9,764.3,24,3,4,0
0.16,B02公寓浴池                             ,2022/5/8,22:47,7,0,17,751.9,764.3,24,3,4,0
0.08,B02公寓浴池                             ,2022/5/8,22:47,7,0,17,751.9,764.3,24,3,4,0
9,骄子园主食一组                          ,2022/5/8,18:06,7,0,17,751.9,764.3,24,3,3,0
8,四季百果清泽水果                        ,2022/5/8,18:05,7,0,17,751.9,764.3,24,3,3,0
12,锦绣食堂副食二组                        ,2022/5/8,11:40,7,0,17,751.9,764.3,24,3,1,0
8,四季百果锦绣水果                        ,2022/5/7,17:43,6,1,15,751.8,764.3,21,8,3,0
12,锦绣食堂副食二组                        ,2022/5/7,17:26,6,1,15,751.8,764.3,21,8,3,0
0.19,B02公寓浴池                             ,2022/5/7,8:19,6,1,15,751.8,764.3,21,8,0,0
0.12,B02公寓浴池                             ,2022/5/7,8:17,6,1,15,751.8,764.3,21,8,0,0
0.17,B02公寓浴池                             ,2022/5/7,8:17,6,1,15,751.8,764.3,21,8,0,0
0.12,B02公寓浴池                             ,2022/5/7,8:13,6,1,15,751.8,764.3,21,8,0,0
5.5,骄子园主食一组                          ,2022/5/6,8:00,5,1,9,747.8,760.5,76,4,0,0
0.3,B02公寓浴池                             ,2022/5/5,22:20,4,1,27,737.5,749.3,28,14,4,0
0.17,B02公寓浴池                             ,2022/5/5,22:17,4,1,27,737.5,749.3,28,14,4,0
0.12,B02公寓浴池                             ,2022/5/5,22:17,4,1,27,737.5,749.3,28,14,4,0
0.03,B02公寓浴池                             ,2022/5/5,22:13,4,1,27,737.5,749.3,28,14,4,0
8,四季百果锦绣水果                        ,2022/5/5,17:29,4,1,27,737.5,749.3,28,14,3,0
9.12,锦绣自选                                ,2022/5/5,17:17,4,1,27,737.5,749.3,28,14,3,0
0.44,B02公寓浴池                             ,2022/5/5,2:07,4,1,27,737.5,749.3,28,14,4,0
8,四季百果锦绣水果                        ,2022/5/4,17:31,3,0,24,737.4,749.3,39,7,3,0
12,锦绣食堂这家有面                        ,2022/5/4,17:16,3,0,24,737.4,749.3,39,7,3,0
0.27,B02公寓浴池                             ,2022/5/3,22:47,2,0,20,739.5,751.6,38,5,4,0
0.16,B02公寓浴池                             ,2022/5/3,22:43,2,0,20,739.5,751.6,38,5,4,0
0.16,B02公寓浴池                             ,2022/5/3,22:41,2,0,20,739.5,751.6,38,5,4,0
0.09,B02公寓浴池                             ,2022/5/3,22:39,2,0,20,739.5,751.6,38,5,4,0
8,四季百果清泽水果                        ,2022/5/3,17:31,2,0,20,739.5,751.6,38,5,3,0
13,民族二餐厅五谷鲜渔粉副食二组            ,2022/5/3,17:13,2,0,20,739.5,751.6,38,5,3,0
7,锦绣食堂副食二组                        ,2022/5/3,11:45,2,0,20,739.5,751.6,38,5,1,0
0.17,B02公寓浴池                             ,2022/5/2,22:40,1,0,14,747.2,759.7,39,5,4,0
0.11,B02公寓浴池                             ,2022/5/2,22:38,1,0,14,747.2,759.7,39,5,4,0
0.16,B02公寓浴池                             ,2022/5/2,22:37,1,0,14,747.2,759.7,39,5,4,0
0.06,B02公寓浴池                             ,2022/5/2,22:35,1,0,14,747.2,759.7,39,5,4,0
8,四季百果清泽水果                        ,2022/5/2,17:07,1,0,14,747.2,759.7,39,5,3,0
7.44,锦绣自选                                ,2022/5/2,17:04,1,0,14,747.2,759.7,39,5,3,0
0.2,B02公寓浴池                             ,2022/5/2,2:02,1,0,14,747.2,759.7,39,5,4,0
0.11,B02公寓浴池                             ,2022/5/2,2:02,1,0,14,747.2,759.7,39,5,4,0
0.12,B02公寓浴池                             ,2022/5/2,2:01,1,0,14,747.2,759.7,39,5,4,0
0.06,B02公寓浴池                             ,2022/5/2,2:01,1,0,14,747.2,759.7,39,5,4,0
8,民族二餐厅自助榆林镇筋饼                ,2022/5/1,11:34,7,0,5,744.9,757.7,81,2,1,0
8,四季百果清泽水果                        ,2022/5/1,11:33,7,0,5,744.9,757.7,81,2,1,0
9,民族二餐厅清真回回头                    ,2022/4/30,11:45,6,0,5,741.8,754.6,87,7,1,1
0.27,B02公寓浴池                             ,2022/4/29,21:55,5,1,17,748.8,761.2,22,5,4,0
0.2,B02公寓浴池                             ,2022/4/29,21:52,5,1,17,748.8,761.2,22,5,4,0
0.12,B02公寓浴池                             ,2022/4/29,21:51,5,1,17,748.8,761.2,22,5,4,0
0.03,B02公寓浴池                             ,2022/4/29,21:49,5,1,17,748.8,761.2,22,5,4,0
9,四季百果天香水果                        ,2022/4/29,18:02,5,1,17,748.8,761.2,22,5,3,0
13,天香特色时尚串串香                      ,2022/4/29,18:00,5,1,17,748.8,761.2,22,5,3,0
0.19,B02公寓浴池                             ,2022/4/28,22:44,4,1,15,752.5,765,20,6,4,0
0.16,B02公寓浴池                             ,2022/4/28,22:42,4,1,15,752.5,765,20,6,4,0
0.12,B02公寓浴池                             ,2022/4/28,22:41,4,1,15,752.5,765,20,6,4,0
0.08,B02公寓浴池                             ,2022/4/28,22:39,4,1,15,752.5,765,20,6,4,0
9,四季百果锦绣水果                        ,2022/4/28,17:43,4,1,15,752.5,765,20,6,3,0
12,锦绣食堂副食二组                        ,2022/4/28,17:22,4,1,15,752.5,765,20,6,3,0
0.09,B02公寓浴池                             ,2022/4/28,2:09,4,1,15,752.5,765,20,6,4,0
0.08,B02公寓浴池                             ,2022/4/28,2:08,4,1,15,752.5,765,20,6,4,0
1,民族二餐厅自助榆林镇筋饼                ,2022/4/27,18:43,3,1,12,747.2,759.7,33,8,3,0
13,民族二餐厅五谷鲜渔粉副食二组            ,2022/4/27,18:29,3,1,12,747.2,759.7,33,8,3,0
10,民族二餐厅清真回回头                    ,2022/4/27,11:52,3,1,12,747.2,759.7,33,8,1,0
0.33,B02公寓浴池                             ,2022/4/26,22:59,2,1,14,735.5,747.8,36,13,4,0
0.08,B02公寓浴池                             ,2022/4/26,22:55,2,1,14,735.5,747.8,36,13,4,0
0.04,B02公寓浴池                             ,2022/4/26,22:54,2,1,14,735.5,747.8,36,13,4,0
9,民族二餐厅清真回回头                    ,2022/4/26,16:51,2,1,14,735.5,747.8,36,13,2,0
9,四季百果清泽水果                        ,2022/4/26,16:49,2,1,14,735.5,747.8,36,13,2,0
5,锦绣食堂主食一组                        ,2022/4/26,7:10,2,1,14,735.5,747.8,36,13,0,0
0.11,B02公寓浴池                             ,2022/4/26,2:05,2,1,14,735.5,747.8,36,13,4,0
0.16,B02公寓浴池                             ,2022/4/26,2:05,2,1,14,735.5,747.8,36,13,4,0
8,四季百果锦绣水果                        ,2022/4/25,17:41,1,1,18,740.1,752.3,34,5,3,0
2,锦绣食堂主食一组                        ,2022/4/25,17:31,1,1,18,740.1,752.3,34,5,3,0
19,锦绣食堂副食一组                        ,2022/4/25,17:30,1,1,18,740.1,752.3,34,5,3,0
4.5,骄子园主食一组                          ,2022/4/25,7:40,1,1,18,740.1,752.3,34,5,0,0
0.24,B02公寓浴池                             ,2022/4/25,2:04,1,1,18,740.1,752.3,34,5,4,0
0.06,B02公寓浴池                             ,2022/4/25,2:03,1,1,18,740.1,752.3,34,5,4,0
0.08,B02公寓浴池                             ,2022/4/25,2:03,1,1,18,740.1,752.3,34,5,4,0
0.03,B02公寓浴池                             ,2022/4/25,2:03,1,1,18,740.1,752.3,34,5,4,0
8,四季百果锦绣水果                        ,2022/4/24,18:18,7,1,13,744.4,756.9,38,5,3,0
11,锦绣食堂这家有面                        ,2022/4/24,18:07,7,1,13,744.4,756.9,38,5,3,0
10.56,锦绣自选                                ,2022/4/24,11:39,7,1,13,744.4,756.9,38,5,1,0
0.22,B02公寓浴池                             ,2022/4/23,22:56,6,0,18,733.4,745.5,37,12,4,0
0.11,B02公寓浴池                             ,2022/4/23,22:53,6,0,18,733.4,745.5,37,12,4,0
0.09,B02公寓浴池                             ,2022/4/23,22:52,6,0,18,733.4,745.5,37,12,4,0
0.03,B02公寓浴池                             ,2022/4/23,22:51,6,0,18,733.4,745.5,37,12,4,0
7,四季百果清泽水果                        ,2022/4/23,18:27,6,0,18,733.4,745.5,37,12,3,0
12,民族二餐厅朝鲜族风味                    ,2022/4/23,18:11,6,0,18,733.4,745.5,37,12,3,0
6,骄子园主食一组                          ,2022/4/23,11:17,6,0,18,733.4,745.5,37,12,1,0
12,骄子园主食一组                          ,2022/4/23,11:16,6,0,18,733.4,745.5,37,12,1,0
8,骄子园主食一组                          ,2022/4/23,11:16,6,0,18,733.4,745.5,37,12,1,0
0.33,B02公寓浴池                             ,2022/4/22,22:47,5,1,10,741.4,753.9,32,6,4,0
0.2,B02公寓浴池                             ,2022/4/22,22:43,5,1,10,741.4,753.9,32,6,4,0
0.09,B02公寓浴池                             ,2022/4/22,22:41,5,1,10,741.4,753.9,32,6,4,0
0.03,B02公寓浴池                             ,2022/4/22,22:40,5,1,10,741.4,753.9,32,6,4,0
8,四季百果锦绣水果                        ,2022/4/22,18:06,5,1,10,741.4,753.9,32,6,3,0
14,锦绣食堂副食二组                        ,2022/4/22,17:54,5,1,10,741.4,753.9,32,6,3,0
0.28,B02公寓浴池                             ,2022/4/22,2:07,5,1,10,741.4,753.9,32,6,4,0
0.09,B02公寓浴池                             ,2022/4/22,2:07,5,1,10,741.4,753.9,32,6,4,0
15,锦绣食堂副食二组                        ,2022/4/21,11:56,4,1,19,735.7,747.8,46,8,1,0
0.17,B02公寓浴池                             ,2022/4/20,22:59,3,1,25,734.5,746.3,24,15,4,1
0.17,B02公寓浴池                             ,2022/4/20,22:57,3,1,25,734.5,746.3,24,15,4,1
0.12,B02公寓浴池                             ,2022/4/20,22:55,3,1,25,734.5,746.3,24,15,4,1
0.03,B02公寓浴池                             ,2022/4/20,22:54,3,1,25,734.5,746.3,24,15,4,1
8,四季百果锦绣水果                        ,2022/4/20,17:56,3,1,25,734.5,746.3,24,15,3,1
11,锦绣食堂这家有面                        ,2022/4/20,17:55,3,1,25,734.5,746.3,24,15,3,1
4.5,骄子园主食一组                          ,2022/4/20,7:08,3,1,25,734.5,746.3,24,15,0,1
0.24,B02公寓浴池                             ,2022/4/19,22:19,2,1,23,738.9,750.8,22,8,4,1
0.14,B02公寓浴池                             ,2022/4/19,22:17,2,1,23,738.9,750.8,22,8,4,1
0.11,B02公寓浴池                             ,2022/4/19,22:17,2,1,23,738.9,750.8,22,8,4,1
0.04,B02公寓浴池                             ,2022/4/19,22:14,2,1,23,738.9,750.8,22,8,4,1
7,锦绣食堂副食二组                        ,2022/4/19,11:43,2,1,23,738.9,750.8,22,8,1,1
0.35,B02公寓浴池                             ,2022/4/18,22:48,1,1,13,748.7,761.2,28,3,4,0
0.11,B02公寓浴池                             ,2022/4/18,22:47,1,1,13,748.7,761.2,28,3,4,0
0.09,B02公寓浴池                             ,2022/4/18,22:44,1,1,13,748.7,761.2,28,3,4,0
0.03,B02公寓浴池                             ,2022/4/18,22:42,1,1,13,748.7,761.2,28,3,4,0
0.01,B02公寓浴池                             ,2022/4/18,22:42,1,1,13,748.7,761.2,28,3,4,0
5,骄子园主食二组                          ,2022/4/18,17:54,1,1,13,748.7,761.2,28,3,3,0
5,骄子园主食一组                          ,2022/4/18,17:53,1,1,13,748.7,761.2,28,3,3,0
8,四季百果清泽水果                        ,2022/4/18,17:52,1,1,13,748.7,761.2,28,3,3,0
4.5,锦绣食堂主食一组                        ,2022/4/18,7:45,1,1,13,748.7,761.2,28,3,0,0
0.2,B02公寓浴池                             ,2022/4/18,2:06,1,1,13,748.7,761.2,28,3,4,0
0.06,B02公寓浴池                             ,2022/4/18,2:06,1,1,13,748.7,761.2,28,3,4,0
0.08,B02公寓浴池                             ,2022/4/18,2:06,1,1,13,748.7,761.2,28,3,4,0
0.03,B02公寓浴池                             ,2022/4/18,2:05,1,1,13,748.7,761.2,28,3,4,0
9,四季百果锦绣水果                        ,2022/4/17,17:48,7,0,11,748.6,761.2,24,5,3,0
12,锦绣食堂副食二组                        ,2022/4/17,17:32,7,0,11,748.6,761.2,24,5,3,0
0.2,B02公寓浴池                             ,2022/4/16,22:58,6,0,12,745.7,758.2,33,8,4,0
0.14,B02公寓浴池                             ,2022/4/16,22:56,6,0,12,745.7,758.2,33,8,4,0
0.09,B02公寓浴池                             ,2022/4/16,22:55,6,0,12,745.7,758.2,33,8,4,0
0.01,B02公寓浴池                             ,2022/4/16,22:54,6,0,12,745.7,758.2,33,8,4,0
11,锦绣食堂副食二组                        ,2022/4/16,11:35,6,0,12,745.7,758.2,33,8,1,0
0.33,B02公寓浴池                             ,2022/4/16,2:03,6,0,12,745.7,758.2,33,8,4,0
0.11,B02公寓浴池                             ,2022/4/16,2:02,6,0,12,745.7,758.2,33,8,4,0
7,锦绣食堂副食二组                        ,2022/4/15,11:48,5,1,13,750.2,762.8,24,9,1,0
0.22,B02公寓浴池                             ,2022/4/15,2:03,5,1,13,750.2,762.8,24,9,4,0
0.11,B02公寓浴池                             ,2022/4/15,2:02,5,1,13,750.2,762.8,24,9,4,0
0.09,B02公寓浴池                             ,2022/4/15,2:02,5,1,13,750.2,762.8,24,9,4,0
0.03,B02公寓浴池                             ,2022/4/15,2:02,5,1,13,750.2,762.8,24,9,4,0
8,四季百果清泽水果                        ,2022/4/14,18:21,4,1,13,754.7,767.3,21,7,3,0
12,骄子园主食一组                          ,2022/4/14,18:20,4,1,13,754.7,767.3,21,7,3,0
15,锦绣食堂副食二组                        ,2022/4/14,11:25,4,1,13,754.7,767.3,21,7,1,0
3.5,骄子园主食一组                          ,2022/4/14,7:13,4,1,13,754.7,767.3,21,7,0,0
0.32,B02公寓浴池                             ,2022/4/14,2:03,4,1,13,754.7,767.3,21,7,4,0
0.11,B02公寓浴池                             ,2022/4/14,2:02,4,1,13,754.7,767.3,21,7,4,0
0.08,B02公寓浴池                             ,2022/4/14,2:02,4,1,13,754.7,767.3,21,7,4,0
15,锦绣食堂副食二组                        ,2022/4/13,11:22,3,1,12,752.4,765,35,4,1,0
0.28,B02公寓浴池                             ,2022/4/13,2:02,3,1,12,752.4,765,35,4,4,0
0.2,B02公寓浴池                             ,2022/4/13,2:01,3,1,12,752.4,765,35,4,4,0
0.11,B02公寓浴池                             ,2022/4/13,2:00,3,1,12,752.4,765,35,4,4,0
0.04,B02公寓浴池                             ,2022/4/13,2:00,3,1,12,752.4,765,35,4,4,0
9,四季百果锦绣水果                        ,2022/4/12,18:19,2,1,10,750.8,763.5,35,4,3,0
10,锦绣食堂这家有面                        ,2022/4/12,18:13,2,1,10,750.8,763.5,35,4,3,0
12,锦绣食堂副食二组                        ,2022/4/12,11:42,2,1,10,750.8,763.5,35,4,1,0
5.5,骄子园主食一组                          ,2022/4/12,7:20,2,1,10,750.8,763.5,35,4,0,0
0.32,B02公寓浴池                             ,2022/4/11,22:44,1,1,6,744.9,757.7,71,5,4,1
0.17,B02公寓浴池                             ,2022/4/11,22:41,1,1,6,744.9,757.7,71,5,4,1
0.14,B02公寓浴池                             ,2022/4/11,22:40,1,1,6,744.9,757.7,71,5,4,1
0.08,B02公寓浴池                             ,2022/4/11,22:38,1,1,6,744.9,757.7,71,5,4,1
8,四季百果清泽水果                        ,2022/4/11,18:27,1,1,6,744.9,757.7,71,5,3,1
11,骄子园主食二组                          ,2022/4/11,18:24,1,1,6,744.9,757.7,71,5,3,1
0.25,B02公寓浴池                             ,2022/4/11,2:05,1,1,6,744.9,757.7,71,5,4,1
0.14,B02公寓浴池                             ,2022/4/11,2:05,1,1,6,744.9,757.7,71,5,4,1
0.08,B02公寓浴池                             ,2022/4/11,2:04,1,1,6,744.9,757.7,71,5,4,1
0.06,B02公寓浴池                             ,2022/4/11,2:04,1,1,6,744.9,757.7,71,5,4,1
12,锦绣食堂副食二组                        ,2022/4/10,17:59,7,0,19,735.7,747.8,49,12,3,0
9,四季百果清泽水果                        ,2022/4/10,11:37,7,0,19,735.7,747.8,49,12,1,0
8.4,锦绣自选                                ,2022/4/10,11:19,7,0,19,735.7,747.8,49,12,1,0
9,四季百果锦绣水果                        ,2022/4/9,18:10,6,0,16,743.1,755.4,36,4,3,0
11,锦绣食堂副食二组                        ,2022/4/9,18:02,6,0,16,743.1,755.4,36,4,3,0
9.12,锦绣自选                                ,2022/4/9,11:31,6,0,16,743.1,755.4,36,4,1,0
0.27,B02公寓浴池                             ,2022/4/9,8:25,6,0,16,743.1,755.4,36,4,0,0
0.16,B02公寓浴池                             ,2022/4/9,8:23,6,0,16,743.1,755.4,36,4,0,0
0.09,B02公寓浴池                             ,2022/4/9,8:21,6,0,16,743.1,755.4,36,4,0,0
0.03,B02公寓浴池                             ,2022/4/9,8:20,6,0,16,743.1,755.4,36,4,0,0
8,四季百果清泽水果                        ,2022/4/8,18:02,5,1,16,734.8,747,34,10,3,1
11,民族二餐厅五谷鲜渔粉副食二组            ,2022/4/8,17:45,5,1,16,734.8,747,34,10,3,1
7,锦绣食堂副食二组                        ,2022/4/8,11:48,5,1,16,734.8,747,34,10,1,1
0.25,B02公寓浴池                             ,2022/4/8,2:06,5,1,16,734.8,747,34,10,4,1
0.11,B02公寓浴池                             ,2022/4/8,2:06,5,1,16,734.8,747,34,10,4,1
10,民族二餐厅自助榆林镇筋饼                ,2022/4/7,11:48,4,1,5,747.6,760.5,20,7,1,0
0.44,B02公寓浴池                             ,2022/4/6,22:44,3,1,4,752,765,20,7,4,0
0.19,B02公寓浴池                             ,2022/4/6,22:41,3,1,4,752,765,20,7,4,0
0.11,B02公寓浴池                             ,2022/4/6,22:39,3,1,4,752,765,20,7,4,0
0.06,B02公寓浴池                             ,2022/4/6,22:38,3,1,4,752,765,20,7,4,0
9,四季百果清泽水果                        ,2022/4/6,18:25,3,1,4,752,765,20,7,3,0
2,民族二餐厅五谷鲜渔粉副食二组            ,2022/4/6,18:05,3,1,4,752,765,20,7,3,0
11,民族二餐厅五谷鲜渔粉副食二组            ,2022/4/6,18:05,3,1,4,752,765,20,7,3,0
8,民族二餐厅自助榆林镇筋饼                ,2022/4/6,11:35,3,1,4,752,765,20,7,1,0
0.28,B02公寓浴池                             ,2022/4/6,2:06,3,1,4,752,765,20,7,4,0
0.14,B02公寓浴池                             ,2022/4/6,2:05,3,1,4,752,765,20,7,4,0
0.14,B02公寓浴池                             ,2022/4/6,2:05,3,1,4,752,765,20,7,4,0
0.08,B02公寓浴池                             ,2022/4/6,2:05,3,1,4,752,765,20,7,4,0
9,四季百果清泽水果                        ,2022/4/5,18:20,2,0,3,748.2,761.2,60,7,3,0
5.4,骄子园主食一组                          ,2022/4/5,18:10,2,0,3,748.2,761.2,60,7,3,0
0.28,B02公寓浴池                             ,2022/4/4,22:49,1,0,17,746.7,759,34,9,4,1
0.12,B02公寓浴池                             ,2022/4/4,22:47,1,0,17,746.7,759,34,9,4,1
9,四季百果天香水果                        ,2022/4/4,17:46,1,0,17,746.7,759,34,9,3,1
12,天香特色牛肉汤饭                        ,2022/4/4,17:28,1,0,17,746.7,759,34,9,3,1
5.5,骄子园主食一组                          ,2022/4/4,7:17,1,0,17,746.7,759,34,9,0,1
1.02,B02公寓浴池                             ,2022/4/3,22:52,7,0,17,749.6,762,27,10,4,0
0.09,B02公寓浴池                             ,2022/4/3,22:47,7,0,17,749.6,762,27,10,4,0
8.16,锦绣自选                                ,2022/4/3,11:15,7,0,17,749.6,762,27,10,1,0
4.5,骄子园主食一组                          ,2022/4/3,7:31,7,0,17,749.6,762,27,10,0,0
0.16,B02公寓浴池                             ,2022/4/2,21:40,6,1,12,753.2,765.8,24,3,4,0
0.11,B02公寓浴池                             ,2022/4/2,21:38,6,1,12,753.2,765.8,24,3,4,0
0.11,B02公寓浴池                             ,2022/4/2,21:36,6,1,12,753.2,765.8,24,3,4,0
0.03,B02公寓浴池                             ,2022/4/2,21:35,6,1,12,753.2,765.8,24,3,4,0
9,四季百果锦绣水果                        ,2022/4/2,12:08,6,1,12,753.2,765.8,24,3,1,0
12,锦绣食堂副食二组                        ,2022/4/2,11:55,6,1,12,753.2,765.8,24,3,1,0
0.2,B02公寓浴池                             ,2022/4/1,22:17,5,1,8,758.2,771.1,27,6,4,0
0.19,B02公寓浴池                             ,2022/4/1,22:13,5,1,8,758.2,771.1,27,6,4,0
0.11,B02公寓浴池                             ,2022/4/1,22:12,5,1,8,758.2,771.1,27,6,4,0
0.04,B02公寓浴池                             ,2022/4/1,22:10,5,1,8,758.2,771.1,27,6,4,0
9,民族二餐厅自助榆林镇筋饼                ,2022/4/1,17:15,5,1,8,758.2,771.1,27,6,3,0
8,锦绣食堂副食二组                        ,2022/4/1,11:48,5,1,8,758.2,771.1,27,6,1,0
0.2,B02公寓浴池                             ,2022/3/31,22:07,4,1,6,758.1,771.1,22,6,4,0
0.08,B02公寓浴池                             ,2022/3/31,22:04,4,1,6,758.1,771.1,22,6,4,0
0.12,B02公寓浴池                             ,2022/3/31,22:03,4,1,6,758.1,771.1,22,6,4,0
0.04,B02公寓浴池                             ,2022/3/31,22:02,4,1,6,758.1,771.1,22,6,4,0
11,锦绣食堂湘汁拌饭                        ,2022/3/31,11:13,4,1,6,758.1,771.1,22,6,1,0
5.5,骄子园主食一组                          ,2022/3/31,7:20,4,1,6,758.1,771.1,22,6,0,0
0.16,B02公寓浴池                             ,2022/3/30,22:24,3,1,5,756.6,769.6,31,4,4,0
0.09,B02公寓浴池                             ,2022/3/30,22:22,3,1,5,756.6,769.6,31,4,4,0
0.09,B02公寓浴池                             ,2022/3/30,22:20,3,1,5,756.6,769.6,31,4,4,0
0.03,B02公寓浴池                             ,2022/3/30,22:18,3,1,5,756.6,769.6,31,4,4,0
9,四季百果清泽水果                        ,2022/3/30,17:40,3,1,5,756.6,769.6,31,4,3,0
11,民族二餐厅五谷鲜渔粉副食二组            ,2022/3/30,17:19,3,1,5,756.6,769.6,31,4,3,0
8,民族二餐厅自助榆林镇筋饼                ,2022/3/30,11:36,3,1,5,756.6,769.6,31,4,1,0
0.27,B02公寓浴池                             ,2022/3/29,22:02,2,1,1,746,759,93,4,4,1
0.2,B02公寓浴池                             ,2022/3/29,21:58,2,1,1,746,759,93,4,4,1
0.09,B02公寓浴池                             ,2022/3/29,21:56,2,1,1,746,759,93,4,4,1
0.06,B02公寓浴池                             ,2022/3/29,21:54,2,1,1,746,759,93,4,4,1
9.4,四季百果清泽水果                        ,2022/3/29,18:22,2,1,1,746,759,93,4,3,1
12,民族二餐厅自助榆林镇筋饼                ,2022/3/29,17:55,2,1,1,746,759,93,4,3,1
0.36,B02公寓浴池                             ,2022/3/29,2:05,2,1,1,746,759,93,4,4,1
0.09,B02公寓浴池                             ,2022/3/29,2:04,2,1,1,746,759,93,4,4,1
0.06,B02公寓浴池                             ,2022/3/29,2:04,2,1,1,746,759,93,4,4,1
5.5,锦绣食堂主食一组                        ,2022/3/28,6:58,1,1,11,746.4,759,30,8,0,0
0.33,B02公寓浴池                             ,2022/3/27,22:41,7,0,3,744,756.9,60,6,4,1
0.09,B02公寓浴池                             ,2022/3/27,22:38,7,0,3,744,756.9,60,6,4,1
0.01,B02公寓浴池                             ,2022/3/27,22:37,7,0,3,744,756.9,60,6,4,1
13,锦绣食堂这家有面                        ,2022/3/27,18:16,7,0,3,744,756.9,60,6,3,1
10,民族二餐厅清真回回头                    ,2022/3/27,11:36,7,0,3,744,756.9,60,6,1,1
0.09,B02公寓浴池                             ,2022/3/26,21:47,6,0,7,742.7,755.4,61,6,4,0
0.17,B02公寓浴池                             ,2022/3/26,21:45,6,0,7,742.7,755.4,61,6,4,0
0.08,B02公寓浴池                             ,2022/3/26,21:43,6,0,7,742.7,755.4,61,6,4,0
0.03,B02公寓浴池                             ,2022/3/26,21:42,6,0,7,742.7,755.4,61,6,4,0
1,四季百果清泽水果                        ,2022/3/26,18:27,6,0,7,742.7,755.4,61,6,3,0
22,四季百果清泽水果                        ,2022/3/26,18:16,6,0,7,742.7,755.4,61,6,3,0
12,骄子园主食一组                          ,2022/3/26,18:15,6,0,7,742.7,755.4,61,6,3,0
10,民族二餐厅自助榆林镇筋饼                ,2022/3/26,11:35,6,0,7,742.7,755.4,61,6,1,0
6,骄子园主食一组                          ,2022/3/26,7:45,6,0,7,742.7,755.4,61,6,0,0
0.17,B02公寓浴池                             ,2022/3/24,22:51,4,1,5,746.2,759,70,4,4,0
0.12,B02公寓浴池                             ,2022/3/24,22:49,4,1,5,746.2,759,70,4,4,0
0.08,B02公寓浴池                             ,2022/3/24,22:48,4,1,5,746.2,759,70,4,4,0
0.03,B02公寓浴池                             ,2022/3/24,22:47,4,1,5,746.2,759,70,4,4,0
15,民族二餐厅五谷鲜渔粉副食二组            ,2022/3/24,17:26,4,1,5,746.2,759,70,4,3,0
12,民族二餐厅朝鲜族风味                    ,2022/3/24,11:24,4,1,5,746.2,759,70,4,1,0
0.48,B02公寓浴池                             ,2022/3/23,22:50,3,1,8,743.5,756.2,34,4,4,0
0.08,B02公寓浴池                             ,2022/3/23,22:47,3,1,8,743.5,756.2,34,4,4,0
8,清泽食堂重庆小面                        ,2022/3/23,18:36,3,1,8,743.5,756.2,34,4,3,0
4.5,锦绣食堂副食二组                        ,2022/3/23,7:09,3,1,8,743.5,756.2,34,4,0,0
0.24,B02公寓浴池                             ,2022/3/22,22:41,2,1,6,751.4,764.3,26,7,4,0
0.2,B02公寓浴池                             ,2022/3/22,22:39,2,1,6,751.4,764.3,26,7,4,0
0.09,B02公寓浴池                             ,2022/3/22,22:37,2,1,6,751.4,764.3,26,7,4,0
0.06,B02公寓浴池                             ,2022/3/22,22:35,2,1,6,751.4,764.3,26,7,4,0
7,锦绣食堂副食二组                        ,2022/3/22,11:48,2,1,6,751.4,764.3,26,7,1,0
4.5,锦绣食堂副食二组                        ,2022/3/22,7:16,2,1,6,751.4,764.3,26,7,0,0
0.27,B02公寓浴池                             ,2022/3/21,22:34,1,1,2,751.2,764.3,35,8,4,0
0.2,B02公寓浴池                             ,2022/3/21,22:32,1,1,2,751.2,764.3,35,8,4,0
0.12,B02公寓浴池                             ,2022/3/21,22:29,1,1,2,751.2,764.3,35,8,4,0
0.04,B02公寓浴池                             ,2022/3/21,22:27,1,1,2,751.2,764.3,35,8,4,0
15,锦绣食堂副食二组                        ,2022/3/21,17:44,1,1,2,751.2,764.3,35,8,3,0
2.5,锦绣食堂主食一组                        ,2022/3/21,7:29,1,1,2,751.2,764.3,35,8,0,0
0.19,B02公寓浴池                             ,2022/3/20,22:39,7,0,1,750.4,763.5,27,3,4,0
0.14,B02公寓浴池                             ,2022/3/20,22:36,7,0,1,750.4,763.5,27,3,4,0
0.09,B02公寓浴池                             ,2022/3/20,22:35,7,0,1,750.4,763.5,27,3,4,0
0.04,B02公寓浴池                             ,2022/3/20,22:34,7,0,1,750.4,763.5,27,3,4,0
8,民族二餐厅自助榆林镇筋饼                ,2022/3/20,17:33,7,0,1,750.4,763.5,27,3,3,0
11,锦绣食堂这家有面                        ,2022/3/20,11:39,7,0,1,750.4,763.5,27,3,1,0
12,锦绣食堂副食二组                        ,2022/3/19,17:28,6,0,0,748.9,762,40,5,3,0
8.4,锦绣自选                                ,2022/3/19,11:23,6,0,0,748.9,762,40,5,1,0
0.3,B02公寓浴池                             ,2022/3/19,8:07,6,0,0,748.9,762,40,5,0,0
0.09,B02公寓浴池                             ,2022/3/19,8:04,6,0,0,748.9,762,40,5,0,0
12,锦绣食堂副食二组                        ,2022/3/18,17:32,5,1,-2,751,764.3,43,6,3,0
12,锦绣食堂这家有面                        ,2022/3/18,11:23,5,1,-2,751,764.3,43,6,1,0
3.9,锦绣食堂主食一组                        ,2022/3/18,7:02,5,1,-2,751,764.3,43,6,0,0
0.33,B02公寓浴池                             ,2022/3/17,22:21,4,1,-5,758.4,771.9,42,6,4,0
0.14,B02公寓浴池                             ,2022/3/17,22:18,4,1,-5,758.4,771.9,42,6,4,0
0.08,B02公寓浴池                             ,2022/3/17,22:17,4,1,-5,758.4,771.9,42,6,4,0
0.04,B02公寓浴池                             ,2022/3/17,22:17,4,1,-5,758.4,771.9,42,6,4,0
8,四季百果清泽水果                        ,2022/3/17,17:40,4,1,-5,758.4,771.9,42,6,3,0
13,民族二餐厅朝鲜族风味                    ,2022/3/17,17:29,4,1,-5,758.4,771.9,42,6,3,0
10,民族二餐厅五谷鲜渔粉副食二组            ,2022/3/17,11:03,4,1,-5,758.4,771.9,42,6,1,0
1,民族二餐厅五谷鲜渔粉副食二组            ,2022/3/17,11:03,4,1,-5,758.4,771.9,42,6,1,0
5.5,骄子园主食一组                          ,2022/3/17,7:28,4,1,-5,758.4,771.9,42,6,0,0
0.38,B02公寓浴池                             ,2022/3/16,22:56,3,1,-3,751.7,765,54,8,4,0
0.09,B02公寓浴池                             ,2022/3/16,22:52,3,1,-3,751.7,765,54,8,4,0
0.04,B02公寓浴池                             ,2022/3/16,22:50,3,1,-3,751.7,765,54,8,4,0
9,骄子园主食一组                          ,2022/3/16,11:38,3,1,-3,751.7,765,54,8,1,0
4.5,锦绣食堂主食一组                        ,2022/3/16,7:08,3,1,-3,751.7,765,54,8,0,0
0.2,B02公寓浴池                             ,2022/3/15,22:50,2,1,1,744.7,757.7,70,5,4,0
0.16,B02公寓浴池                             ,2022/3/15,22:48,2,1,1,744.7,757.7,70,5,4,0
0.11,B02公寓浴池                             ,2022/3/15,22:47,2,1,1,744.7,757.7,70,5,4,0
0.03,B02公寓浴池                             ,2022/3/15,22:47,2,1,1,744.7,757.7,70,5,4,0
15,锦绣食堂副食二组                        ,2022/3/15,17:34,2,1,1,744.7,757.7,70,5,3,0
1,锦绣食堂水吧                            ,2022/3/15,7:05,2,1,1,744.7,757.7,70,5,0,0
5.5,锦绣食堂主食一组                        ,2022/3/15,6:57,2,1,1,744.7,757.7,70,5,0,0
0.44,B02公寓浴池                             ,2022/3/14,22:26,1,1,-1,745.1,758.2,93,6,4,1
0.09,B02公寓浴池                             ,2022/3/14,22:22,1,1,-1,745.1,758.2,93,6,4,1
0.03,B02公寓浴池                             ,2022/3/14,22:20,1,1,-1,745.1,758.2,93,6,4,1
12,锦绣食堂副食二组                        ,2022/3/14,17:12,1,1,-1,745.1,758.2,93,6,3,1
17,民族二餐厅清真回回头                    ,2022/3/14,11:16,1,1,-1,745.1,758.2,93,6,1,1
1,骄子园主食一组                          ,2022/3/14,7:07,1,1,-1,745.1,758.2,93,6,0,1
2.5,骄子园主食一组                          ,2022/3/14,7:06,1,1,-1,745.1,758.2,93,6,0,1
0.2,B02公寓浴池                             ,2022/3/14,2:08,1,1,-1,745.1,758.2,93,6,4,1
0.03,B02公寓浴池                             ,2022/3/14,2:08,1,1,-1,745.1,758.2,93,6,4,1
8,四季百果天香水果                        ,2022/3/13,18:10,7,0,2,749.7,762.8,75,5,3,0
10.6,天香特色时尚串串香                      ,2022/3/13,18:09,7,0,2,749.7,762.8,75,5,3,0
15,锦绣食堂副食二组                        ,2022/3/13,11:28,7,0,2,749.7,762.8,75,5,1,0
7,骄子园主食二组                          ,2022/3/12,18:09,6,0,3,748.2,761.2,52,3,3,0
8,四季百果锦绣水果                        ,2022/3/12,11:50,6,0,3,748.2,761.2,52,3,1,0
12,锦绣食堂副食二组                        ,2022/3/12,11:36,6,0,3,748.2,761.2,52,3,1,0
0.27,B02公寓浴池                             ,2022/3/11,22:13,5,1,3,749.8,762.8,38,8,4,0
0.14,B02公寓浴池                             ,2022/3/11,22:11,5,1,3,749.8,762.8,38,8,4,0
0.06,B02公寓浴池                             ,2022/3/11,22:09,5,1,3,749.8,762.8,38,8,4,0
0.03,B02公寓浴池                             ,2022/3/11,22:08,5,1,3,749.8,762.8,38,8,4,0
12,锦绣食堂副食二组                        ,2022/3/11,17:34,5,1,3,749.8,762.8,38,8,3,0
11,锦绣食堂这家有面                        ,2022/3/11,11:19,5,1,3,749.8,762.8,38,8,1,0
3.5,锦绣食堂主食一组                        ,2022/3/11,7:11,5,1,3,749.8,762.8,38,8,0,0
0.22,B02公寓浴池                             ,2022/3/11,2:03,5,1,3,749.8,762.8,38,8,4,0
0.19,B02公寓浴池                             ,2022/3/11,2:03,5,1,3,749.8,762.8,38,8,4,0
0.09,B02公寓浴池                             ,2022/3/11,2:02,5,1,3,749.8,762.8,38,8,4,0
0.03,B02公寓浴池                             ,2022/3/11,2:02,5,1,3,749.8,762.8,38,8,4,0
6.48,锦绣自选                                ,2022/3/10,17:15,4,1,7,744.2,756.9,61,5,3,0
7,锦绣食堂副食二组                        ,2022/3/10,11:45,4,1,7,744.2,756.9,61,5,1,0
5.5,锦绣食堂主食一组                        ,2022/3/10,7:53,4,1,7,744.2,756.9,61,5,0,0
0.16,B02公寓浴池                             ,2022/3/9,22:20,3,1,5,750.6,763.5,66,4,4,1
0.06,B02公寓浴池                             ,2022/3/9,22:18,3,1,5,750.6,763.5,66,4,4,1
0.08,B02公寓浴池                             ,2022/3/9,22:17,3,1,5,750.6,763.5,66,4,4,1
0.01,B02公寓浴池                             ,2022/3/9,22:17,3,1,5,750.6,763.5,66,4,4,1
8,四季百果锦绣水果                        ,2022/3/9,17:44,3,1,5,750.6,763.5,66,4,3,1
15,锦绣食堂副食二组                        ,2022/3/9,17:33,3,1,5,750.6,763.5,66,4,3,1
13,锦绣食堂这家有面                        ,2022/3/9,11:34,3,1,5,750.6,763.5,66,4,1,1
4.5,锦绣食堂主食一组                        ,2022/3/9,6:55,3,1,5,750.6,763.5,66,4,0,1
8,四季百果清泽水果                        ,2022/3/8,17:42,2,1,2,747.5,760.5,65,5,3,0
8,骄子园主食一组                          ,2022/3/8,17:35,2,1,2,747.5,760.5,65,5,3,0
5.5,锦绣食堂主食一组                        ,2022/3/8,6:53,2,1,2,747.5,760.5,65,5,0,0
0.22,B02公寓浴池                             ,2022/3/7,22:32,1,1,0,749.7,762.8,51,2,4,0
0.14,B02公寓浴池                             ,2022/3/7,22:27,1,1,0,749.7,762.8,51,2,4,0
0.09,B02公寓浴池                             ,2022/3/7,22:26,1,1,0,749.7,762.8,51,2,4,0
0.03,B02公寓浴池                             ,2022/3/7,22:24,1,1,0,749.7,762.8,51,2,4,0
8,四季百果清泽水果                        ,2022/3/7,17:50,1,1,0,749.7,762.8,51,2,3,0
1,民族二餐厅自助榆林镇筋饼                ,2022/3/7,17:44,1,1,0,749.7,762.8,51,2,3,0
11,民族二餐厅自助榆林镇筋饼                ,2022/3/7,17:28,1,1,0,749.7,762.8,51,2,3,0
9,天香特色台湾卤肉饭                      ,2022/3/7,11:20,1,1,0,749.7,762.8,51,2,1,0
4.5,锦绣食堂主食一组                        ,2022/3/7,6:55,1,1,0,749.7,762.8,51,2,0,0
8,民族二餐厅自助榆林镇筋饼                ,2022/3/6,11:45,7,0,-2,753.3,766.6,51,4,1,0
0.4,B02公寓浴池                             ,2022/3/6,8:44,7,0,-2,753.3,766.6,51,4,0,0
0.08,B02公寓浴池                             ,2022/3/6,8:40,7,0,-2,753.3,766.6,51,4,0,0
0.03,B02公寓浴池                             ,2022/3/6,8:39,7,0,-2,753.3,766.6,51,4,0,0
9,四季百果清泽水果                        ,2022/3/5,11:46,6,0,-4,742.2,755.4,80,6,1,1
8,骄子园主食一组                          ,2022/3/5,11:42,6,0,-4,742.2,755.4,80,6,1,1
0.22,B02公寓浴池                             ,2022/3/4,22:26,5,1,3,732.8,745.5,60,8,4,0
0.17,B02公寓浴池                             ,2022/3/4,22:24,5,1,3,732.8,745.5,60,8,4,0
0.09,B02公寓浴池                             ,2022/3/4,22:21,5,1,3,732.8,745.5,60,8,4,0
0.01,B02公寓浴池                             ,2022/3/4,22:20,5,1,3,732.8,745.5,60,8,4,0
12,锦绣食堂副食二组                        ,2022/3/4,17:29,5,1,3,732.8,745.5,60,8,3,0
5.5,锦绣食堂主食一组                        ,2022/3/4,7:48,5,1,3,732.8,745.5,60,8,0,0
13,民族二餐厅五谷鲜渔粉副食二组            ,2022/3/3,18:09,4,1,-4,747.2,760.5,100,3,3,1
2,锦绣食堂水吧                            ,2022/3/3,11:57,4,1,-4,747.2,760.5,100,3,1,1
9,锦绣食堂副食二组                        ,2022/3/3,11:50,4,1,-4,747.2,760.5,100,3,1,1
5.5,骄子园主食一组                          ,2022/3/3,7:53,4,1,-4,747.2,760.5,100,3,0,1
0.14,B02公寓浴池                             ,2022/3/2,22:02,3,1,-2,740.8,753.9,69,2,4,0
0.14,B02公寓浴池                             ,2022/3/2,21:58,3,1,-2,740.8,753.9,69,2,4,0
0.08,B02公寓浴池                             ,2022/3/2,21:56,3,1,-2,740.8,753.9,69,2,4,0
0.01,B02公寓浴池                             ,2022/3/2,21:55,3,1,-2,740.8,753.9,69,2,4,0
7.68,锦绣自选                                ,2022/3/2,17:35,3,1,-2,740.8,753.9,69,2,3,0
12,锦绣食堂这家有面                        ,2022/3/2,11:24,3,1,-2,740.8,753.9,69,2,1,0
4,骄子园主食一组                          ,2022/3/2,7:09,3,1,-2,740.8,753.9,69,2,0,0
0.17,B02公寓浴池                             ,2022/3/1,22:32,2,1,-2,746.5,759.7,55,5,4,0
0.04,B02公寓浴池                             ,2022/3/1,22:28,2,1,-2,746.5,759.7,55,5,4,0
0.09,B02公寓浴池                             ,2022/3/1,22:27,2,1,-2,746.5,759.7,55,5,4,0
0.01,B02公寓浴池                             ,2022/3/1,22:26,2,1,-2,746.5,759.7,55,5,4,0
10,锦绣食堂湘汁拌饭                        ,2022/3/1,17:33,2,1,-2,746.5,759.7,55,5,3,0
4.5,锦绣食堂主食一组                        ,2022/3/1,6:52,2,1,-2,746.5,759.7,55,5,0,0
0.27,B02公寓浴池                             ,2022/3/1,2:05,2,1,-2,746.5,759.7,55,5,4,0
0.08,B02公寓浴池                             ,2022/3/1,2:04,2,1,-2,746.5,759.7,55,5,4,0
11,锦绣食堂这家有面                        ,2022/2/28,17:51,1,1,0,748.9,762,60,5,3,0
2,锦绣食堂水吧                            ,2022/2/28,11:58,1,1,0,748.9,762,60,5,1,0
8,锦绣食堂副食二组                        ,2022/2/28,11:46,1,1,0,748.9,762,60,5,1,0
4.5,锦绣食堂主食一组                        ,2022/2/28,7:50,1,1,0,748.9,762,60,5,0,0
0.57,B02公寓浴池                             ,2022/2/27,7:55,7,0,-3,744.5,757.7,64,5,0,0
0.11,B02公寓浴池                             ,2022/2/27,7:50,7,0,-3,744.5,757.7,64,5,0,0
0.08,B02公寓浴池                             ,2022/2/27,7:49,7,0,-3,744.5,757.7,64,5,0,0
12,民族二餐厅五谷鲜渔粉副食二组            ,2022/2/26,17:54,6,0,-3,744.5,757.7,69,5,3,0
10,民族二餐厅自助榆林镇筋饼                ,2022/2/26,11:47,6,0,-3,744.5,757.7,69,5,1,0
0.4,B02公寓浴池                             ,2022/2/25,20:32,5,1,-2,745.8,759,59,7,4,0
0.09,B02公寓浴池                             ,2022/2/25,20:28,5,1,-2,745.8,759,59,7,4,0
0.03,B02公寓浴池                             ,2022/2/25,20:27,5,1,-2,745.8,759,59,7,4,0
5.4,骄子园主食一组                          ,2022/2/25,18:17,5,1,-2,745.8,759,59,7,3,0
7,锦绣食堂副食二组                        ,2022/2/25,11:47,5,1,-2,745.8,759,59,7,1,0
4.1,锦绣食堂主食一组                        ,2022/2/25,8:21,5,1,-2,745.8,759,59,7,0,0
0.99,B02公寓浴池                             ,2022/2/24,20:53,4,1,-7,752.3,765.8,63,5,4,0
0.09,B02公寓浴池                             ,2022/2/24,20:47,4,1,-7,752.3,765.8,63,5,4,0
0.03,B02公寓浴池                             ,2022/2/24,20:47,4,1,-7,752.3,765.8,63,5,4,0
11,民族二餐厅五谷鲜渔粉副食二组            ,2022/2/24,18:00,4,1,-7,752.3,765.8,63,5,3,0
7,锦绣食堂副食二组                        ,2022/2/24,11:47,4,1,-7,752.3,765.8,63,5,1,0
4.5,锦绣食堂主食一组                        ,2022/2/24,7:52,4,1,-7,752.3,765.8,63,5,0,0
10,清泽食堂重庆小面                        ,2022/2/23,17:41,3,1,-11,758.8,772.7,62,8,3,0
12,锦绣食堂这家有面                        ,2022/2/23,11:08,3,1,-11,758.8,772.7,62,8,1,0
5.5,锦绣食堂主食一组                        ,2022/2/23,6:56,3,1,-11,758.8,772.7,62,8,0,0
0.7,B02公寓浴池                             ,2022/2/22,20:21,2,1,-13,759.4,773.4,61,4,4,0
0.11,B02公寓浴池                             ,2022/2/22,20:17,2,1,-13,759.4,773.4,61,4,4,0
0.03,B02公寓浴池                             ,2022/2/22,20:17,2,1,-13,759.4,773.4,61,4,4,0
12,骄子园主食一组                          ,2022/2/22,17:32,2,1,-13,759.4,773.4,61,4,3,0
2,锦绣食堂水吧                            ,2022/2/22,12:00,2,1,-13,759.4,773.4,61,4,1,0
10,锦绣食堂副食二组                        ,2022/2/22,11:51,2,1,-13,759.4,773.4,61,4,1,0
2,锦绣食堂水吧                            ,2022/2/22,7:04,2,1,-13,759.4,773.4,61,4,0,0
4,锦绣食堂副食二组                        ,2022/2/22,6:55,2,1,-13,759.4,773.4,61,4,0,0
0.16,B02公寓浴池                             ,2022/2/22,2:01,2,1,-13,759.4,773.4,61,4,4,0
0.03,B02公寓浴池                             ,2022/2/22,2:00,2,1,-13,759.4,773.4,61,4,4,0
11,锦绣食堂这家有面                        ,2022/2/21,17:01,1,1,-11,754.3,768.1,57,1,3,0
7,锦绣食堂副食二组                        ,2022/2/21,11:50,1,1,-11,754.3,768.1,57,1,1,0
2.5,锦绣食堂主食一组                        ,2022/2/21,7:24,1,1,-11,754.3,768.1,57,1,0,0
0.46,B02公寓浴池                             ,2022/2/21,2:06,1,1,-11,754.3,768.1,57,1,4,0
0.09,B02公寓浴池                             ,2022/2/21,2:05,1,1,-11,754.3,768.1,57,1,4,0
0.01,B02公寓浴池                             ,2022/2/21,2:05,1,1,-11,754.3,768.1,57,1,4,0
11,民族二餐厅五谷鲜渔粉副食二组            ,2022/2/20,17:37,7,0,-15,752.6,766.6,92,4,3,1
8,民族二餐厅自助榆林镇筋饼                ,2022/2/20,11:52,7,0,-15,752.6,766.6,92,4,1,1
0.4,B02公寓浴池                             ,2022/2/19,22:11,6,0,-14,753.4,767.3,78,4,4,1
0.19,B02公寓浴池                             ,2022/2/19,22:08,6,0,-14,753.4,767.3,78,4,4,1
0.11,B02公寓浴池                             ,2022/2/19,22:06,6,0,-14,753.4,767.3,78,4,4,1
0.04,B02公寓浴池                             ,2022/2/19,22:05,6,0,-14,753.4,767.3,78,4,4,1
11,民族二餐厅自助榆林镇筋饼                ,2022/2/19,17:42,6,0,-14,753.4,767.3,78,4,3,1
7,锦绣食堂副食二组                        ,2022/2/19,11:19,6,0,-14,753.4,767.3,78,4,1,1
0.51,B02公寓浴池                             ,2022/2/18,22:28,5,1,-10,754.4,768.1,67,4,4,0
0.03,B02公寓浴池                             ,2022/2/18,22:24,5,1,-10,754.4,768.1,67,4,4,0
8,清泽食堂重庆小面                        ,2022/2/18,19:45,5,1,-10,754.4,768.1,67,4,4,0
14,民族二餐厅自助榆林镇筋饼                ,2022/1/1,11:22,6,0,-17,753.2,767.3,60,4,1,0
0.19,B02公寓浴池                             ,2022/1/1,2:04,6,0,-17,753.2,767.3,60,4,4,0
0.17,B02公寓浴池                             ,2022/1/1,2:04,6,0,-17,753.2,767.3,60,4,4,0
0.09,B02公寓浴池                             ,2022/1/1,2:03,6,0,-17,753.2,767.3,60,4,4,0
0.01,B02公寓浴池                             ,2022/1/1,2:03,6,0,-17,753.2,767.3,60,4,4,0
