,学工号,交易额,交易时间,商户名称,交易日期,具体时间,节假日,气温,平均风速,特殊天象
0,2021****86,11.84,2023/04/25 17:35,美食林小猪憨尼麻辣烫,2023-04-25,17:35,0,3,1,
1,2021****86,13.0,2023/04/25 11:46,美食林川蜀源烤鱼,2023-04-25,11:46,0,3,1,
2,2021****86,2.65,2023/04/25 07:49,学苑食堂副食一组,2023-04-25,07:49,0,3,1,
3,2021****86,36.8,2023/04/24 17:57,紫丁香餐吧机器人收银组,2023-04-24,17:57,0,10,2,
4,2021****86,2.25,2023/04/24 07:43,学苑食堂副食一组,2023-04-24,07:43,0,10,2,
5,2021****86,16.7,2023/04/23 17:36,回味斋一餐厅副食一组,2023-04-23,17:36,0,7,3,
6,2021****86,20.4,2023/04/23 11:42,紫丁香餐吧机器人收银组,2023-04-23,11:42,0,7,3,
7,2021****86,5.1,2023/04/23 08:59,百味佳副食一组,2023-04-23,08:59,0,7,3,
8,2021****86,32.0,2023/04/22 17:40,紫丁香餐吧机器人收银组,2023-04-22,17:40,1,7,3,
9,2021****86,2.1,2023/04/22 09:13,百味佳副食一组,2023-04-22,09:13,1,7,3,
10,2021****86,10.0,2023/04/21 17:33,学苑食堂真牛铁板,2023-04-21,17:33,0,7,4,
11,2021****86,17.4,2023/04/21 11:51,紫丁香餐吧机器人收银组,2023-04-21,11:51,0,7,4,
12,2021****86,2.6,2023/04/21 07:45,学苑食堂副食一组,2023-04-21,07:45,0,7,4,
13,2021****86,22.4,2023/04/20 18:03,紫丁香餐吧机器人收银组,2023-04-20,18:03,0,8,6,
14,2021****86,13.0,2023/04/20 11:29,美食林蜀香麻辣烫(川香麻辣烫),2023-04-20,11:29,0,8,6,
15,2021****86,3.5,2023/04/20 07:43,百味佳副食一组,2023-04-20,07:43,0,8,6,
16,2021****86,10.0,2023/04/19 17:33,学苑食堂真牛铁板,2023-04-19,17:33,0,13,2,
17,2021****86,20.4,2023/04/19 11:16,紫丁香餐吧机器人收银组,2023-04-19,11:16,0,13,2,
18,2021****86,5.1,2023/04/19 07:32,百味佳副食一组,2023-04-19,07:32,0,13,2,
19,2021****86,12.0,2023/04/18 11:42,美食林川蜀源烤鱼,2023-04-18,11:42,0,11,3,
20,2021****86,1.65,2023/04/18 07:42,学苑食堂副食一组,2023-04-18,07:42,0,11,3,
21,2021****86,13.0,2023/04/17 17:49,阳光广式猪脚饭,2023-04-17,17:49,0,12,3,
22,2021****86,16.6,2023/04/17 11:57,紫丁香餐吧机器人收银组,2023-04-17,11:57,0,12,3,
23,2021****86,1.65,2023/04/17 07:45,学苑食堂副食一组,2023-04-17,07:45,0,12,3,
24,2021****86,12.0,2023/04/16 18:08,学苑食堂香恋香拌砂锅,2023-04-16,18:08,1,8,4,
25,2021****86,18.6,2023/04/16 11:54,紫丁香餐吧机器人收银组,2023-04-16,11:54,1,8,4,
26,2021****86,2.95,2023/04/16 09:08,百味佳副食一组,2023-04-16,09:08,1,8,4,
27,2021****86,10.0,2023/04/15 17:40,民族餐厅山西面,2023-04-15,17:40,1,9,5,
28,2021****86,5.0,2023/04/15 08:18,百味佳副食一组,2023-04-15,08:18,1,9,5,
29,2021****86,10.0,2023/04/14 17:30,学苑食堂重庆小面,2023-04-14,17:30,0,7,3,
30,2021****86,17.4,2023/04/14 11:52,紫丁香餐吧机器人收银组,2023-04-14,11:52,0,7,3,
31,2021****86,1.25,2023/04/14 07:45,学苑食堂副食一组,2023-04-14,07:45,0,7,3,
32,2021****86,14.6,2023/04/13 17:08,紫丁香餐吧机器人收银组,2023-04-13,17:08,0,7,3,
33,2021****86,11.0,2023/04/13 11:31,美食林阿咪酱骨扒肉,2023-04-13,11:31,0,7,3,
34,2021****86,5.1,2023/04/13 07:42,百味佳副食一组,2023-04-13,07:42,0,7,3,
35,2021****86,20.4,2023/04/12 17:36,紫丁香餐吧机器人收银组,2023-04-12,17:36,0,4,4,
36,2021****86,12.799999999999999,2023/04/12 11:44,百味佳副食一组,2023-04-12,11:44,0,4,4,
37,2021****86,17.4,2023/04/11 17:49,紫丁香餐吧机器人收银组,2023-04-11,17:49,0,2,6,
38,2021****86,13.0,2023/04/11 11:42,美食林川蜀源烤鱼,2023-04-11,11:42,0,2,6,
39,2021****86,1.83,2023/04/11 07:38,学苑食堂副食一组,2023-04-11,07:38,0,2,6,
40,2021****86,10.0,2023/04/10 18:06,学院食堂陕西名小吃,2023-04-10,18:06,0,14,5,尘
41,2021****86,12.0,2023/04/10 11:42,美食林阿咪酱骨扒肉,2023-04-10,11:42,0,14,5,尘
42,2021****86,3.5,2023/04/10 09:07,百味佳副食一组,2023-04-10,09:07,0,14,5,尘
43,2021****86,11.45,2023/04/09 17:39,学苑食堂副食一组,2023-04-09,17:39,1,15,4,烟
44,2021****86,3.5,2023/04/09 09:04,百味佳副食一组,2023-04-09,09:04,1,15,4,烟
45,2021****86,12.0,2023/04/08 18:34,学苑食堂香恋香拌砂锅,2023-04-08,18:34,1,7,3,
46,2021****86,18.0,2023/04/08 11:47,学苑食堂副食二组,2023-04-08,11:47,1,7,3,
47,2021****86,3.0,2023/04/08 09:17,百味佳副食一组,2023-04-08,09:17,1,7,3,
48,2021****86,10.0,2023/04/07 17:31,美食林阿咪酱骨扒肉,2023-04-07,17:31,0,0,2,
49,2021****86,14.0,2023/04/07 11:49,学苑食堂副食二组,2023-04-07,11:49,0,0,2,
50,2021****86,1.65,2023/04/07 07:46,学苑食堂副食一组,2023-04-07,07:46,0,0,2,
51,2021****86,13.73,2023/04/06 17:35,阳光副食二组,2023-04-06,17:35,0,6,3,
52,2021****86,11.0,2023/04/06 11:32,美食林阿咪酱骨扒肉,2023-04-06,11:32,0,6,3,
53,2021****86,5.25,2023/04/06 07:45,学苑食堂副食一组,2023-04-06,07:45,0,6,3,
54,2021****86,13.0,2023/04/05 17:25,美食林老上客砂锅,2023-04-05,17:25,1,7,2,烟
55,2021****86,10.0,2023/04/05 11:40,学苑食堂真牛铁板,2023-04-05,11:40,1,7,2,烟
56,2021****86,12.0,2023/04/04 11:43,美食林川蜀源烤鱼,2023-04-04,11:43,0,5,2,
57,2021****86,19.299999999999997,2023/04/04 07:41,百味佳副食一组,2023-04-04,07:41,0,5,2,
58,2021****86,12.0,2023/04/02 18:09,学苑食堂香恋香拌砂锅,2023-04-02,18:09,1,15,2,
59,2021****86,11.0,2023/04/02 11:48,学苑食堂包子,2023-04-02,11:48,1,15,2,
60,2021****86,3.5,2023/04/02 08:41,百味佳副食一组,2023-04-02,08:41,1,15,2,
61,2021****86,12.0,2023/04/01 11:34,美食林90后串炒饭,2023-04-01,11:34,1,16,3,
62,2021****86,5.0,2023/04/01 07:58,百味佳副食一组,2023-04-01,07:58,1,16,3,
63,2021****86,13.58,2023/03/31 17:38,阳光副食二组,2023-03-31,17:38,0,15,3,烟
64,2021****86,23.0,2023/03/31 11:26,民族餐厅铁板料理,2023-03-31,11:26,0,15,3,烟
65,2021****86,5.1,2023/03/31 07:44,百味佳副食一组,2023-03-31,07:44,0,15,3,烟
66,2021****86,13.0,2023/03/30 17:35,美食林美美卤肉饭,2023-03-30,17:35,0,9,4,烟
67,2021****86,11.28,2023/03/30 11:45,阳光副食二组,2023-03-30,11:45,0,9,4,烟
68,2021****86,3.9,2023/03/30 07:31,百味佳副食一组,2023-03-30,07:31,0,9,4,烟
69,2021****86,13.0,2023/03/29 17:35,美食林美美卤肉饭,2023-03-29,17:35,0,13,5,
70,2021****86,12.0,2023/03/29 11:31,学苑食堂真牛铁板,2023-03-29,11:31,0,13,5,
71,2021****86,0.95,2023/03/29 09:13,百味佳副食一组,2023-03-29,09:13,0,13,5,
72,2021****86,15.1,2023/03/28 17:38,美食林小猪憨尼麻辣烫,2023-03-28,17:38,0,6,3,
73,2021****86,12.0,2023/03/28 11:51,美食林川蜀源烤鱼,2023-03-28,11:51,0,6,3,
74,2021****86,11.0,2023/03/27 17:28,美食林90后串炒饭,2023-03-27,17:28,0,7,3,
75,2021****86,12.0,2023/03/27 12:03,美食林川蜀源烤鱼,2023-03-27,12:03,0,7,3,
76,2021****86,4.35,2023/03/27 09:11,百味佳副食一组,2023-03-27,09:11,0,7,3,
77,2021****86,12.0,2023/03/26 17:34,一区饺子园主食一组,2023-03-26,17:34,1,1,3,
78,2021****86,12.0,2023/03/26 12:30,学苑食堂香恋香拌砂锅,2023-03-26,12:30,1,1,3,
79,2021****86,5.0,2023/03/26 08:43,百味佳副食一组,2023-03-26,08:43,1,1,3,
80,2021****86,16.0,2023/03/25 17:49,民族餐厅铁板料理,2023-03-25,17:49,1,-3,3,
81,2021****86,12.0,2023/03/25 11:44,美食林那小味面馆,2023-03-25,11:44,1,-3,3,
82,2021****86,3.0,2023/03/25 09:01,百味佳副食一组,2023-03-25,09:01,1,-3,3,
83,2021****86,11.54,2023/03/24 17:33,美食林小猪憨尼麻辣烫,2023-03-24,17:33,0,-1,1,
84,2021****86,10.0,2023/03/24 11:52,民族餐厅山西面,2023-03-24,11:52,0,-1,1,
85,2021****86,0.7,2023/03/22 17:37,百味佳副食一组,2023-03-22,17:37,0,4,6,沙
86,2021****86,14.0,2023/03/21 17:35,阳光广式猪脚饭,2023-03-21,17:35,0,10,2,烟
87,2021****86,12.0,2023/03/21 11:54,美食林川蜀源烤鱼,2023-03-21,11:54,0,10,2,烟
88,2021****86,5.1,2023/03/21 07:41,百味佳副食一组,2023-03-21,07:41,0,10,2,烟
89,2021****86,12.0,2023/03/20 17:32,美食林川蜀源烤鱼,2023-03-20,17:32,0,10,4,
90,2021****86,16.0,2023/03/20 11:27,阳光广式猪脚饭,2023-03-20,11:27,0,10,4,
91,2021****86,3.5,2023/03/20 08:14,百味佳副食一组,2023-03-20,08:14,0,10,4,
92,2021****86,12.0,2023/03/19 18:05,美食林90后串炒饭,2023-03-19,18:05,1,5,3,
93,2021****86,13.0,2023/03/19 11:45,阳光广式猪脚饭,2023-03-19,11:45,1,5,3,
94,2021****86,5.0,2023/03/19 08:24,百味佳副食一组,2023-03-19,08:24,1,5,3,
95,2021****86,13.0,2023/03/18 17:46,美食林老上客砂锅,2023-03-18,17:46,1,2,4,
96,2021****86,17.2,2023/03/18 11:42,百味佳副食一组,2023-03-18,11:42,1,2,4,
97,2021****86,15.1,2023/03/17 17:33,美食林小猪憨尼麻辣烫,2023-03-17,17:33,0,0,4,
98,2021****86,29.9,2023/03/17 11:52,百味佳副食一组,2023-03-17,11:52,0,0,4,
99,2021****86,10.8,2023/03/16 11:28,阳光小是小简餐,2023-03-16,11:28,0,-4,3,
100,2021****86,2.75,2023/03/16 07:41,学苑食堂副食三组,2023-03-16,07:41,0,-4,3,
101,2021****86,13.0,2023/03/15 17:39,美食林90后串炒饭,2023-03-15,17:39,0,-4,4,
102,2021****86,13.0,2023/03/15 11:50,美食林川蜀源烤鱼,2023-03-15,11:50,0,-4,4,
103,2021****86,5.1,2023/03/15 08:35,百味佳副食一组,2023-03-15,08:35,0,-4,4,
104,2021****86,9.0,2023/03/14 17:33,美食林肠粉,2023-03-14,17:33,0,-2,3,轻度（小）（弱） 雪
105,2021****86,12.0,2023/03/14 11:44,美食林川蜀源烤鱼,2023-03-14,11:44,0,-2,3,轻度（小）（弱） 雪
106,2021****86,3.4,2023/03/14 07:37,百味佳副食一组,2023-03-14,07:37,0,-2,3,轻度（小）（弱） 雪
107,2021****86,12.0,2023/03/13 17:19,学苑食堂香恋香拌砂锅,2023-03-13,17:19,0,-5,2,
108,2021****86,15.0,2023/03/13 16:26,美食林东农豆坊,2023-03-13,16:26,0,-5,2,
109,2021****86,13.0,2023/03/13 11:38,阳光广式猪脚饭,2023-03-13,11:38,0,-5,2,
110,2021****86,3.6,2023/03/13 08:45,百味佳副食一组,2023-03-13,08:45,0,-5,2,
111,2021****86,15.0,2023/03/12 17:46,美食林90后串炒饭,2023-03-12,17:46,1,-5,2,
112,2021****86,16.0,2023/03/12 11:25,阳光广式猪脚饭,2023-03-12,11:25,1,-5,2,
113,2021****86,5.0,2023/03/12 08:52,百味佳副食一组,2023-03-12,08:52,1,-5,2,
114,2021****86,13.0,2023/03/11 17:17,阳光广式猪脚饭,2023-03-11,17:17,1,-1,3,
115,2021****86,4.2,2023/03/11 11:51,百味佳副食一组,2023-03-11,11:51,1,-1,3,
116,2021****86,5.64,2023/03/11 11:49,百味佳副食二组,2023-03-11,11:49,1,-1,3,
117,2021****86,5.1,2023/03/11 08:41,百味佳副食一组,2023-03-11,08:41,1,-1,3,
118,2021****86,13.0,2023/03/10 17:07,阳光广式猪脚饭,2023-03-10,17:07,0,11,7,
119,2021****86,11.0,2023/03/10 11:54,学苑食堂包子,2023-03-10,11:54,0,11,7,
120,2021****86,3.5,2023/03/10 07:43,百味佳副食一组,2023-03-10,07:43,0,11,7,
121,2021****86,18.0,2023/03/09 17:14,学苑食堂副食三组,2023-03-09,17:14,0,2,1,
122,2021****86,12.0,2023/03/09 11:33,美食林90后串炒饭,2023-03-09,11:33,0,2,1,
123,2021****86,3.2,2023/03/09 07:35,百味佳副食一组,2023-03-09,07:35,0,2,1,
124,2021****86,14.0,2023/03/08 17:34,学院食堂陕西名小吃,2023-03-08,17:34,0,-1,3,
125,2021****86,17.2,2023/03/08 11:44,百味佳副食一组,2023-03-08,11:44,0,-1,3,
126,2021****86,12.0,2023/03/07 17:36,民族餐厅金家店,2023-03-07,17:36,0,1,6,
127,2021****86,12.0,2023/03/07 11:39,美食林川蜀源烤鱼,2023-03-07,11:39,0,1,6,
128,2021****86,4.6,2023/03/07 07:52,百味佳副食一组,2023-03-07,07:52,0,1,6,
129,2021****86,12.0,2023/03/06 18:14,学苑食堂铁锅焖面,2023-03-06,18:14,0,3,2,
130,2021****86,12.0,2023/03/06 11:33,美食林川蜀源烤鱼,2023-03-06,11:33,0,3,2,
131,2021****86,2.85,2023/03/06 09:04,百味佳副食一组,2023-03-06,09:04,0,3,2,
132,2021****86,12.0,2023/03/05 17:33,学苑食堂香恋香拌砂锅,2023-03-05,17:33,1,8,6,
133,2021****86,12.0,2023/03/05 11:52,美食林川蜀源烤鱼,2023-03-05,11:52,1,8,6,
134,2021****86,3.5,2023/03/05 09:02,百味佳副食一组,2023-03-05,09:02,1,8,6,
135,2021****86,9.0,2023/03/04 17:50,美食林老上客砂锅,2023-03-04,17:50,1,2,3,
136,2021****86,16.0,2023/03/04 11:20,阳光广式猪脚饭,2023-03-04,11:20,1,2,3,
137,2021****86,4.0,2023/03/04 08:15,百味佳副食一组,2023-03-04,08:15,1,2,3,
138,2021****86,11.0,2023/03/03 17:14,美食林90后串炒饭,2023-03-03,17:14,0,-2,2,
139,2021****86,10.0,2023/03/03 11:50,民族餐厅山西面,2023-03-03,11:50,0,-2,2,
140,2021****86,3.6,2023/03/03 07:35,百味佳副食一组,2023-03-03,07:35,0,-2,2,
141,2021****86,12.0,2023/03/02 17:53,美食林90后串炒饭,2023-03-02,17:53,0,-1,4,
142,2021****86,18.0,2023/03/02 11:38,学苑食堂副食三组,2023-03-02,11:38,0,-1,4,
143,2021****86,3.6,2023/03/02 07:31,百味佳副食一组,2023-03-02,07:31,0,-1,4,
144,2021****86,10.0,2023/03/01 17:29,美食林阿咪酱骨扒肉,2023-03-01,17:29,0,-7,5,
145,2021****86,15.799999999999999,2023/03/01 11:51,百味佳副食一组,2023-03-01,11:51,0,-7,5,
146,2021****86,15.0,2023/02/28 17:29,美食林真牛铁板,2023-02-28,17:29,0,-2,2,
147,2021****86,23.5,2023/02/28 11:53,百味佳副食一组,2023-02-28,11:53,0,-2,2,
148,2021****86,13.02,2023/02/27 17:33,美食林小猪憨尼麻辣烫,2023-02-27,17:33,0,6,6,沙
149,2021****86,12.2,2023/02/27 11:59,百味佳副食一组,2023-02-27,11:59,0,6,6,沙
150,2021****86,3.05,2023/02/27 08:52,百味佳主食二组,2023-02-27,08:52,0,6,6,沙
151,2021****86,10.0,2023/02/26 17:28,民族餐厅山西面,2023-02-26,17:28,1,1,4,
152,2021****86,17.299999999999997,2023/02/26 11:50,百味佳副食一组,2023-02-26,11:50,1,1,4,
153,2021****86,14.06,2023/02/25 17:43,美食林小猪憨尼麻辣烫,2023-02-25,17:43,1,-7,2,
154,2021****86,12.0,2023/02/25 11:41,友来朝鲜风味,2023-02-25,11:41,1,-7,2,
155,2021****86,4.1,2023/02/25 08:05,百味佳副食一组,2023-02-25,08:05,1,-7,2,
156,2021****86,13.0,2023/02/24 17:31,民族餐厅铁板料理,2023-02-24,17:31,0,-9,3,
157,2021****86,12.4,2023/02/24 11:52,紫丁香餐吧机器人收银组,2023-02-24,11:52,0,-9,3,
158,2021****86,4.1,2023/02/24 07:42,百味佳副食一组,2023-02-24,07:42,0,-9,3,
159,2021****86,12.0,2023/02/23 18:23,学苑食堂铁锅焖面,2023-02-23,18:23,0,-8,2,
160,2021****86,16.0,2023/02/23 11:35,阳光广式猪脚饭,2023-02-23,11:35,0,-8,2,
161,2021****86,4.1,2023/02/23 07:34,百味佳副食一组,2023-02-23,07:34,0,-8,2,
162,2021****86,18.0,2023/02/22 17:25,美食林90后串炒饭,2023-02-22,17:25,0,-4,3,
163,2021****86,15.299999999999999,2023/02/22 11:49,百味佳副食一组,2023-02-22,11:49,0,-4,3,
164,2021****86,11.0,2023/02/21 17:31,美食林老上客砂锅,2023-02-21,17:31,0,-12,2,
165,2021****86,16.5,2023/02/21 11:50,百味佳副食一组,2023-02-21,11:50,0,-12,2,
166,2021****86,11.5,2023/02/20 17:31,美食林真牛铁板,2023-02-20,17:31,0,-12,3,
167,2021****86,23.349999999999998,2023/02/20 11:29,百味佳副食一组,2023-02-20,11:29,0,-12,3,
168,2021****86,13.0,2023/02/19 11:49,学苑食堂香恋香拌砂锅,2023-02-19,11:49,1,-11,2,
169,2021****86,3.25,2023/02/19 09:06,百味佳副食一组,2023-02-19,09:06,1,-11,2,
170,2021****86,12.28,2023/02/18 17:23,美食林小猪憨尼麻辣烫,2023-02-18,17:23,1,-12,1,
171,2021****86,14.0,2023/02/18 12:07,阳光广式猪脚饭,2023-02-18,12:07,1,-12,1,
172,2021****86,2.95,2023/02/18 08:55,百味佳副食一组,2023-02-18,08:55,1,-12,1,
173,2021****86,15.0,2023/02/17 17:48,美食林真牛铁板,2023-02-17,17:48,0,-13,1,
174,2021****86,32.0,2023/02/17 11:13,阳光广式猪脚饭,2023-02-17,11:13,0,-13,1,
175,2021****86,3.15,2023/02/16 08:51,百味佳副食一组,2023-02-16,08:51,0,-8,1,
176,2021****86,12.0,2023/02/15 17:40,学苑食堂副食三组,2023-02-15,17:40,0,-15,3,
177,2021****86,16.0,2023/02/15 11:48,阳光广式猪脚饭,2023-02-15,11:48,0,-15,3,
178,2021****86,2.2,2023/02/15 09:01,百味佳副食一组,2023-02-15,09:01,0,-15,3,
179,2021****86,14.0,2023/02/14 17:47,美食林阿咪酱骨扒肉,2023-02-14,17:47,0,-15,3,
180,2021****86,14.049999999999999,2023/02/14 11:14,百味佳副食一组,2023-02-14,11:14,0,-15,3,
181,2021****86,15.24,2023/02/13 17:40,美食林小猪憨尼麻辣烫,2023-02-13,17:40,0,-11,3,
182,2021****86,12.299999999999999,2023/02/13 11:35,百味佳副食一组,2023-02-13,11:35,0,-11,3,
183,2021****86,10.0,2023/02/12 17:48,美食林真牛铁板,2023-02-12,17:48,1,-13,2,霾
184,2021****86,4.7,2022/12/03 08:57,百味佳副食一组,2022-12-03,08:57,1,-18,1,
185,2021****86,16.0,2022/12/02 11:57,阳光广式猪脚饭,2022-12-02,11:57,0,-10,4,
186,2021****86,3.35,2022/12/02 08:53,百味佳副食一组,2022-12-02,08:53,0,-10,4,
187,2021****86,15.0,2022/12/01 17:15,友来朝鲜风味,2022-12-01,17:15,0,-20,3,
188,2021****86,20.5,2022/11/30 17:28,民族餐厅旋转小火锅,2022-11-30,17:28,0,-19,4,
189,2021****86,3.6,2022/11/30 09:09,百味佳副食一组,2022-11-30,09:09,0,-19,4,
190,2021****86,12.0,2022/11/29 16:59,美食林90后串炒饭,2022-11-29,16:59,0,-15,6,
191,2021****86,17.1,2022/11/29 11:52,百味佳副食一组,2022-11-29,11:52,0,-15,6,
192,2021****86,13.0,2022/11/28 16:15,美食林老上客砂锅,2022-11-28,16:15,0,-9,3,
193,2021****86,13.0,2022/11/28 11:52,民族餐厅铁板料理,2022-11-28,11:52,0,-9,3,
194,2021****86,9.4,2022/11/27 11:49,百味佳副食一组,2022-11-27,11:49,1,-7,3,
195,2021****86,15.0,2022/11/26 17:28,美食林陕西刀削面(川无界),2022-11-26,17:28,1,-12,2,
196,2021****86,12.8,2022/11/26 12:14,阳光小是小简餐,2022-11-26,12:14,1,-12,2,
197,2021****86,4.7,2022/11/26 08:30,百味佳副食一组,2022-11-26,08:30,1,-12,2,
198,2021****86,20.0,2022/11/25 17:35,美食林真牛铁板,2022-11-25,17:35,0,-5,6,"轻度（小）（弱） 雪, 轻雾"
199,2021****86,17.0,2022/11/25 11:50,百味佳副食一组,2022-11-25,11:50,0,-5,6,"轻度（小）（弱） 雪, 轻雾"
200,2021****86,2.0,2022/11/24 17:50,学苑食堂副食三组,2022-11-24,17:50,0,0,4,轻度（小）（弱） 雪
201,2021****86,16.28,2022/11/24 17:16,美食林小猪憨尼麻辣烫,2022-11-24,17:16,0,0,4,轻度（小）（弱） 雪
202,2021****86,17.9,2022/11/24 11:49,百味佳副食一组,2022-11-24,11:49,0,0,4,轻度（小）（弱） 雪
203,2021****86,16.0,2022/11/23 17:42,学苑食堂副食三组,2022-11-23,17:42,0,-6,2,
204,2021****86,10.0,2022/11/23 11:37,民族餐厅山西面,2022-11-23,11:37,0,-6,2,
205,2021****86,4.45,2022/11/23 08:44,百味佳副食一组,2022-11-23,08:44,0,-6,2,
206,2021****86,12.43,2022/11/22 17:50,美食林小猪憨尼麻辣烫,2022-11-22,17:50,0,-6,2,
207,2021****86,12.4,2022/11/22 11:51,百味佳副食一组,2022-11-22,11:51,0,-6,2,
208,2021****86,4.25,2022/11/22 07:47,百味佳展销组,2022-11-22,07:47,0,-6,2,
209,2021****86,10.0,2022/11/21 17:33,美食林真牛铁板,2022-11-21,17:33,0,-4,3,
210,2021****86,50.9,2022/11/21 11:47,百味佳副食一组,2022-11-21,11:47,0,-4,3,
211,2021****86,11.0,2022/11/18 17:48,学苑食堂副食三组,2022-11-18,17:48,0,-2,2,
212,2021****86,12.0,2022/11/18 11:26,美食林90后串炒饭,2022-11-18,11:26,0,-2,2,
213,2021****86,5.1,2022/11/18 08:01,百味佳副食一组,2022-11-18,08:01,0,-2,2,
214,2021****86,16.0,2022/11/17 11:50,阳光广式猪脚饭,2022-11-17,11:50,0,-1,4,烟
215,2021****86,3.35,2022/11/17 08:48,百味佳副食一组,2022-11-17,08:48,0,-1,4,烟
216,2021****86,12.0,2022/11/16 17:57,民族餐厅金家店,2022-11-16,17:57,0,-5,2,轻雾
217,2021****86,10.0,2022/11/16 11:23,美食林陕西刀削面(罐罐面),2022-11-16,11:23,0,-5,2,轻雾
218,2021****86,16.0,2022/11/15 16:37,阳光广式猪脚饭,2022-11-15,16:37,0,-6,2,霾
219,2021****86,12.9,2022/11/15 12:04,百味佳副食一组,2022-11-15,12:04,0,-6,2,霾
220,2021****86,10.0,2022/11/14 17:45,美食林真牛铁板,2022-11-14,17:45,0,-6,2,霾
221,2021****86,14.600000000000001,2022/11/14 11:52,百味佳副食一组,2022-11-14,11:52,0,-6,2,霾
222,2021****86,13.0,2022/11/13 17:15,美食林陕西刀削面(罐罐面),2022-11-13,17:15,1,-6,4,
223,2021****86,4.1,2022/11/13 08:20,百味佳副食一组,2022-11-13,08:20,1,-6,4,
224,2021****86,13.62,2022/11/12 17:02,美食林小猪憨尼麻辣烫,2022-11-12,17:02,1,-2,6,
225,2021****86,12.0,2022/11/12 11:53,阳光川蜀源烤鱼,2022-11-12,11:53,1,-2,6,
226,2021****86,5.0,2022/11/12 08:29,百味佳副食一组,2022-11-12,08:29,1,-2,6,
227,2021****86,20.0,2022/11/11 17:44,学苑食堂副食三组,2022-11-11,17:44,0,7,6,轻雾
228,2021****86,33.75,2022/11/11 11:35,百味佳副食一组,2022-11-11,11:35,0,7,6,轻雾
229,2021****86,10.0,2022/11/09 17:34,学苑食堂副食三组,2022-11-09,17:34,0,2,0,烟
230,2021****86,13.0,2022/11/09 11:32,民族餐厅铁板料理,2022-11-09,11:32,0,2,0,烟
231,2021****86,5.2,2022/11/09 07:48,友来副食一组,2022-11-09,07:48,0,2,0,烟
232,2021****86,10.0,2022/11/08 17:34,学苑食堂副食三组,2022-11-08,17:34,0,6,5,
233,2021****86,10.0,2022/11/08 11:47,美食林真牛铁板,2022-11-08,11:47,0,6,5,
234,2021****86,2.85,2022/11/08 07:35,百味佳副食一组,2022-11-08,07:35,0,6,5,
235,2021****86,12.0,2022/11/07 17:41,美食林90后串炒饭,2022-11-07,17:41,0,-1,4,
236,2021****86,2.85,2022/11/07 07:27,百味佳副食一组,2022-11-07,07:27,0,-1,4,
237,2021****86,15.0,2022/11/06 18:13,美食林90后串炒饭,2022-11-06,18:13,1,1,1,
238,2021****86,15.399999999999999,2022/11/06 11:48,百味佳副食一组,2022-11-06,11:48,1,1,1,
239,2021****86,10.0,2022/11/05 18:02,美食林陕西刀削面(罐罐面),2022-11-05,18:02,1,-2,2,
240,2021****86,2.85,2022/11/05 08:04,百味佳副食一组,2022-11-05,08:04,1,-2,2,
241,2021****86,13.0,2022/11/04 17:46,美食林陕西刀削面(罐罐面),2022-11-04,17:46,0,-4,2,
242,2021****86,11.5,2022/11/04 11:22,美食林真牛铁板,2022-11-04,11:22,0,-4,2,
243,2021****86,3.85,2022/11/04 07:46,友来副食一组,2022-11-04,07:46,0,-4,2,
244,2021****86,12.2,2022/11/03 11:40,百味佳副食一组,2022-11-03,11:40,0,-6,4,
245,2021****86,4.95,2022/11/03 08:17,友来副食一组,2022-11-03,08:17,0,-6,4,
246,2021****86,14.0,2022/11/02 17:45,学苑食堂铁锅焖面,2022-11-02,17:45,0,-4,3,
247,2021****86,18.0,2022/11/02 11:24,美食林真牛铁板,2022-11-02,11:24,0,-4,3,
248,2021****86,4.95,2022/11/02 07:37,友来副食一组,2022-11-02,07:37,0,-4,3,
249,2021****86,12.2,2022/11/01 17:41,百味佳主食二组,2022-11-01,17:41,0,-1,4,
250,2021****86,11.8,2022/10/31 17:32,阳光小是小简餐,2022-10-31,17:32,0,5,5,
251,2021****86,4.95,2022/10/31 07:38,友来副食一组,2022-10-31,07:38,0,5,5,
252,2021****86,15.0,2022/10/30 17:49,阳光川蜀源烤鱼,2022-10-30,17:49,1,8,4,轻度（小）（弱） 雨
253,2021****86,15.0,2022/10/30 11:56,民族餐厅金家店,2022-10-30,11:56,1,8,4,轻度（小）（弱） 雨
254,2021****86,4.95,2022/10/30 08:10,友来副食一组,2022-10-30,08:10,1,8,4,轻度（小）（弱） 雨
255,2021****86,12.0,2022/10/29 16:59,美食林90后串炒饭,2022-10-29,16:59,1,-2,1,
256,2021****86,3.85,2022/10/29 08:31,友来副食一组,2022-10-29,08:31,1,-2,1,
257,2021****86,15.0,2022/10/28 17:34,美食林真牛铁板,2022-10-28,17:34,0,-2,1,
258,2021****86,3.85,2022/10/28 07:38,友来副食一组,2022-10-28,07:38,0,-2,1,
259,2021****86,21.0,2022/10/27 17:08,民族餐厅铁板料理,2022-10-27,17:08,0,1,2,
260,2021****86,12.2,2022/10/27 11:51,百味佳副食一组,2022-10-27,11:51,0,1,2,
261,2021****86,3.85,2022/10/27 08:13,友来副食一组,2022-10-27,08:13,0,1,2,
262,2021****86,13.1,2022/10/26 18:25,民族餐厅旋转小火锅,2022-10-26,18:25,0,4,6,
263,2021****86,16.0,2022/10/26 11:28,民族餐厅铁板料理,2022-10-26,11:28,0,4,6,
264,2021****86,4.95,2022/10/26 07:50,友来副食一组,2022-10-26,07:50,0,4,6,
265,2021****86,10.0,2022/10/25 17:53,民族餐厅山西面,2022-10-25,17:53,0,9,4,
266,2021****86,12.2,2022/10/25 11:50,百味佳副食一组,2022-10-25,11:50,0,9,4,
267,2021****86,3.35,2022/10/25 07:45,友来副食一组,2022-10-25,07:45,0,9,4,
268,2021****86,16.0,2022/10/24 17:33,民族餐厅铁板料理,2022-10-24,17:33,0,2,3,
269,2021****86,18.0,2022/10/24 11:51,回味斋一餐厅副食一组,2022-10-24,11:51,0,2,3,
270,2021****86,5.35,2022/10/24 07:31,友来副食一组,2022-10-24,07:31,0,2,3,
271,2021****86,11.0,2022/10/23 12:00,学苑食堂包子,2022-10-23,12:00,1,4,2,
272,2021****86,12.58,2022/10/22 11:07,美食林小猪憨尼麻辣烫,2022-10-22,11:07,1,1,2,
273,2021****86,4.35,2022/10/22 07:56,友来副食一组,2022-10-22,07:56,1,1,2,
274,2021****86,10.0,2022/10/21 17:46,美食林陕西刀削面(罐罐面),2022-10-21,17:46,0,6,3,
275,2021****86,13.0,2022/10/21 12:27,民族餐厅金家店,2022-10-21,12:27,0,6,3,
276,2021****86,5.2,2022/10/21 07:41,友来副食一组,2022-10-21,07:41,0,6,3,
277,2021****86,10.0,2022/10/20 17:33,美食林真牛铁板,2022-10-20,17:33,0,12,4,
278,2021****86,12.2,2022/10/20 11:48,百味佳副食一组,2022-10-20,11:48,0,12,4,
279,2021****86,7.7,2022/10/20 08:29,友来副食一组,2022-10-20,08:29,0,12,4,
280,2021****86,10.0,2022/10/18 17:22,民族餐厅山西面,2022-10-18,17:22,0,2,2,
281,2021****86,12.2,2022/10/18 11:50,百味佳展销组,2022-10-18,11:50,0,2,2,
282,2021****86,5.95,2022/10/18 07:38,友来副食一组,2022-10-18,07:38,0,2,2,
283,2021****86,15.0,2022/10/17 17:35,美食林真牛铁板,2022-10-17,17:35,0,5,2,
284,2021****86,9.9,2022/10/17 12:02,回味斋一餐厅副食一组,2022-10-17,12:02,0,5,2,
285,2021****86,4.95,2022/10/17 07:20,友来副食一组,2022-10-17,07:20,0,5,2,
286,2021****86,10.95,2022/10/16 18:15,美食林小猪憨尼麻辣烫,2022-10-16,18:15,1,7,4,
287,2021****86,3.85,2022/10/16 08:16,友来副食一组,2022-10-16,08:16,1,7,4,
288,2021****86,13.0,2022/10/15 16:47,美食林老上客砂锅,2022-10-15,16:47,1,10,2,
289,2021****86,13.0,2022/10/14 17:09,美食林陕西刀削面(罐罐面),2022-10-14,17:09,0,9,2,轻雾
290,2021****86,10.0,2022/10/14 11:28,美食林真牛铁板,2022-10-14,11:28,0,9,2,轻雾
291,2021****86,4.95,2022/10/14 07:42,友来副食一组,2022-10-14,07:42,0,9,2,轻雾
292,2021****86,13.0,2022/10/13 17:29,美食林陕西刀削面(罐罐面),2022-10-13,17:29,0,9,2,
293,2021****86,9.2,2022/10/13 11:52,百味佳副食一组,2022-10-13,11:52,0,9,2,
294,2021****86,3.5,2022/10/13 08:48,友来副食一组,2022-10-13,08:48,0,9,2,
295,2021****86,12.0,2022/10/12 17:33,民族餐厅金家店,2022-10-12,17:33,0,11,3,
296,2021****86,12.0,2022/10/12 11:17,友来朝鲜风味,2022-10-12,11:17,0,11,3,
