amount,merchant_name,date,time,weekday,holiday,temperature,station_pressure,sea_level_pressure,relative_humidity,windspeed,special_weather,timestamp,meal_course_breakfast,meal_course_lunch,meal_course_dinner,merchant_code
0.21039426523297491,美食林小猪憨尼麻辣烫,2022-07-03,22:18:00,7,1,0.8518518518518519,0.241721854304636,0.2111801242235991,0.8735632183908046,0.4,0,0.0,0,0,0,0
0.19354838709677422,民族餐厅山西饸饹面,2022-07-10,18:04:00,7,1,0.8703703703703702,0.29470198675496917,0.2608695652173907,0.5977011494252873,0.2,0,0.023067947854144677,0,0,0,10
0.3154121863799284,学苑食堂香恋香拌砂锅,2022-07-12,12:05:00,2,0,0.962962962962963,0.3741721854304636,0.33229813664596364,0.6551724137931034,0.4,0,0.028986357841958466,0,0,0,9
0.22508960573476702,阳光副食二组,2022-07-26,22:09:00,2,0,0.8703703703703702,0.3907284768211916,0.354037267080745,0.9310344827586208,0.2,1,0.0777328334417291,0,0,0,15
0.2831541218637993,民族餐厅山西饸饹面,2022-08-01,12:39:00,1,0,0.9814814814814814,0.30132450331126037,0.2608695652173907,0.6551724137931034,0.30000000000000004,0,0.09667831880533129,0,0,0,10
0.12186379928315413,回味斋一餐厅副食一组,2022-08-01,15:59:00,1,0,1.0,0.3046357615894024,0.2608695652173907,0.6666666666666667,0.2,0,0.09714784756279471,0,0,0,4
0.27419354838709675,美食林海南鸡饭,2022-08-02,11:29:00,2,0,1.0,0.3509933774834444,0.30745341614906607,0.6666666666666667,0.4,0,0.09989459079395147,0,0,0,39
0.42652329749103945,美食林肠粉,2022-08-02,17:12:00,2,0,0.9814814814814814,0.3245033112582796,0.28260869565217206,0.7126436781609196,0.1,0,0.10069983261300308,0,0,0,25
0.15197132616487458,阳光副食二组,2022-08-03,17:10:00,3,0,0.8703703703703702,0.3443708609271532,0.30745341614906607,0.7586206896551724,0.4,1,0.10407574437915912,0,0,0,15
0.20071684587813624,紫丁香餐吧机器人收银组,2022-08-07,11:33:00,7,1,0.8518518518518519,0.1423841059602644,0.11801242236024478,0.8045977011494252,0.4,0,0.1168070166377504,0,0,0,3
0.5519713261648747,百味佳主食二组,2022-08-07,17:29:00,7,1,0.8888888888888888,0.14569536423841,0.11801242236024478,0.8160919540229885,0.30000000000000004,0,0.11764277782603472,0,0,0,31
0.3046594982078853,美食林小猪憨尼麻辣烫,2022-08-08,17:07:00,1,0,0.8703703703703702,0.26821192052980436,0.23602484472049667,0.3333333333333333,0.7000000000000001,0,0.12097173671645578,0,0,0,0
0.19139784946236563,阳光副食二组,2022-08-11,17:30:00,4,0,0.8703703703703702,0.19205298013244843,0.16459627329192372,0.471264367816092,0.4,0,0.13116755368474742,0,0,0,15
0.23655913978494628,美食林阿咪酱骨扒肉,2022-08-12,12:25:00,5,0,0.9074074074074074,0.29801324503311477,0.2608695652173907,0.471264367816092,0.2,0,0.1338321293833502,0,0,0,12
0.2831541218637993,学苑食堂副食三组,2022-08-14,11:33:00,7,1,0.8703703703703702,0.3443708609271532,0.30745341614906607,0.5517241379310345,0.2,0,0.1404712660138756,0,0,0,24
0.2652329749103943,一区饺子园主食一组,2022-08-14,18:10:00,7,1,0.8333333333333333,0.29139072847682,0.2608695652173907,0.6436781609195403,0.2,0,0.14140328059743013,0,0,0,21
0.3451612903225807,紫丁香餐吧机器人收银组,2022-08-17,17:41:00,3,0,0.8888888888888888,0.29470198675496917,0.2608695652173907,0.5977011494252873,0.2,0,0.15147702008879094,0,0,0,3
0.34408602150537637,紫丁香餐吧机器人收银组,2022-08-19,10:59:00,5,0,0.7592592592592593,0.039735099337747215,0.024844720496894013,0.9310344827586208,0.8,0,0.15729448139374824,0,0,0,3
0.1756272401433692,学苑食堂副食三组,2022-08-21,12:40:00,7,1,0.8333333333333333,0.2152317880794712,0.1894409937888213,0.5517241379310345,0.2,0,0.16429280752373643,0,0,0,24
0.2652329749103943,学院食堂陕西名小吃,2022-08-21,17:16:00,7,1,0.8148148148148148,0.18874172185430282,0.16459627329192372,0.6896551724137931,0.4,0,0.16494075720903822,0,0,0,13
0.7732974910394266,阳光副食二组,2022-08-21,19:39:00,7,1,0.7777777777777777,0.21192052980132559,0.1894409937888213,0.8620689655172415,0.2,0,0.1652764702706122,0,0,0,15
0.2759856630824373,学苑食堂副食三组,2022-08-22,11:24:00,1,0,0.7407407407407407,0.009933774834436804,0.0,0.9310344827586208,0.7000000000000001,1,0.16749499364962617,1,0,0,24
0.27508960573476704,阳光副食二组,2022-08-23,11:39:00,2,0,0.8148148148148148,0.3642384105960268,0.33229813664596364,0.5057471264367817,0.6000000000000001,0,0.17091081536017327,1,0,0,15
0.31899641577060933,民族二餐厅五谷鲜渔粉副食二组,2022-08-26,11:22:00,5,0,0.7777777777777777,0.2350993377483448,0.2111801242235991,0.4597701149425288,0.7000000000000001,0,0.18101272657698075,1,1,0,59
0.42652329749103945,民族餐厅金家店,2022-08-27,17:39:00,6,1,0.7962962962962963,0.387417218543046,0.354037267080745,0.5057471264367817,0.2,0,0.1852783953385284,0,0,0,28
0.11469534050179211,学苑食堂副食三组,2022-08-28,17:31:00,7,1,0.7962962962962963,0.4536423841059616,0.4192546583850927,0.6436781609195403,0.30000000000000004,0,0.188640221241954,0,0,0,24
0.3548387096774194,民族餐厅山西饸饹面,2022-08-29,11:01:00,1,0,0.7407407407407407,0.5000000000000036,0.46583850931676807,0.6896551724137931,0.30000000000000004,1,0.19110524721862987,1,0,1,10
0.21146953405017924,民族餐厅铁板料理,2022-09-01,11:34:00,4,0,0.7777777777777777,0.5761589403973524,0.5372670807453375,0.3448275862068966,0.5,0,0.2013245406248103,0,1,0,19
0.04121863799283154,友来副食一组,2022-09-02,07:42:00,5,0,0.7407407407407407,0.596026490066226,0.5590062111801224,0.5402298850574714,0.5,0,0.20416049431987915,1,1,0,38
0.01433691756272401,回味斋一餐厅副食一组,2022-09-02,17:19:00,5,0,0.8518518518518519,0.529801324503314,0.487577639751553,0.42528735632183906,0.30000000000000004,0,0.20551508478516212,1,1,0,4
0.2048387096774194,学苑食堂副食三组,2022-09-03,12:44:00,6,1,0.9074074074074074,0.513245033112586,0.46583850931676807,0.36781609195402304,0.30000000000000004,0,0.20825008979737447,0,0,0,24
0.23440860215053763,阳光副食二组,2022-09-03,17:45:00,6,1,0.8148148148148148,0.4801324503311264,0.4409937888198776,0.6436781609195403,0.2,0,0.20895673057735564,0,0,0,15
0.13440860215053763,友来副食一组,2022-09-04,07:44:00,7,1,0.7592592592592593,0.4271523178807968,0.39440993788819867,0.8620689655172415,0.30000000000000004,0,0.21092640371492166,0,0,0,38
0.08602150537634409,学苑食堂包子,2022-09-04,17:02:00,7,1,0.7592592592592593,0.3344370860927164,0.30745341614906607,0.9310344827586208,0.30000000000000004,1,0.21223638894824148,0,0,0,17
0.18369175627240145,紫丁香餐吧机器人收银组,2022-09-05,11:28:00,1,0,0.7407407407407407,0.28476821192053237,0.2608695652173907,1.0,0.4,1,0.21483288297700653,1,0,1,3
0.13978494623655915,学苑食堂副食三组,2022-09-06,17:56:00,2,0,0.6481481481481481,0.17549668874172042,0.16459627329192372,0.9310344827586208,0.1,0,0.21912437582021482,1,0,0,24
0.1003584229390681,阳光萌锅蒸饭,2022-09-07,11:37:00,3,0,0.7222222222222221,0.38079470198675835,0.354037267080745,0.735632183908046,0.7000000000000001,0,0.22161522587855131,1,1,0,55
0.2698924731182797,阳光副食二组,2022-09-07,18:16:00,3,0,0.7592592592592593,0.4271523178807968,0.39440993788819867,0.6896551724137931,0.30000000000000004,0,0.22255193574969212,1,1,0,15
0.13978494623655915,回味斋一餐厅副食一组,2022-09-08,11:57:00,4,0,0.8888888888888888,0.4602649006622528,0.4192546583850927,0.5172413793103448,0.2,0,0.2250427858080286,0,1,0,4
0.005376344086021501,学苑食堂副食三组,2022-09-08,17:21:00,4,0,0.8888888888888888,0.48344370860927555,0.4409937888198776,0.5172413793103448,0.30000000000000004,0,0.22580342239511708,0,1,0,24
0.2695340501792115,阳光副食二组,2022-09-09,17:17:00,5,0,0.8888888888888888,0.658940397350996,0.6055900621118013,0.36781609195402304,0.1,0,0.22917463887370104,1,1,0,15
0.13978494623655915,学苑食堂副食三组,2022-09-10,17:09:00,6,1,0.9074074074074074,0.5596026490066244,0.512422360248447,0.471264367816092,0.2,0,0.23253646477712664,0,0,0,24
0.8028673835125448,阳光川蜀源烤鱼,2022-09-12,17:20:00,1,1,0.8888888888888888,0.4602649006622528,0.4192546583850927,0.5517241379310345,0.5,0,0.2393235029662577,1,0,1,37
0.41577060931899645,民族餐厅山西饸饹面,2022-09-13,11:39:00,2,0,0.7777777777777777,0.7516556291390728,0.7018633540372647,0.37931034482758624,0.5,0,0.24190356348850628,1,0,0,10
0.07526881720430109,学苑食堂包子,2022-09-14,08:07:00,3,0,0.7222222222222221,0.7450331125827852,0.7018633540372647,0.8045977011494252,0.1,0,0.2447864700593243,1,1,0,17
0.1863799283154122,紫丁香餐吧机器人收银组,2022-09-14,11:27:00,3,0,0.8333333333333333,0.7052980132450344,0.6552795031055894,0.5517241379310345,0.1,0,0.24525599881678772,1,1,0,3
0.41469534050179213,阳光副食二组,2022-09-14,17:08:00,3,0,0.8148148148148148,0.6523178807947012,0.6055900621118013,0.6436781609195403,0.1,0,0.24605654534826726,1,1,0,15
0.3978494623655914,紫丁香餐吧主食一组,2022-09-15,11:29:00,4,0,0.7962962962962963,0.579470198675498,0.5372670807453375,0.6896551724137931,0.4,0,0.24864130115810212,0,1,0,56
0.42652329749103945,紫丁香餐吧主食一组,2022-09-16,16:50:00,5,0,0.7777777777777777,0.3642384105960268,0.33229813664596364,0.6436781609195403,0.30000000000000004,0,0.2527755018675606,1,1,0,56
0.7716845878136201,阳光副食二组,2022-09-17,17:20:00,6,1,0.7777777777777777,0.2880794701986744,0.2608695652173907,0.7471264367816093,0.2,0,0.2562265382349125,0,0,0,15
0.11111111111111113,美食林海南鸡饭,2022-09-19,07:46:00,1,0,0.6296296296296295,0.4900662251655632,0.46583850931676807,0.5747126436781609,0.4,0,0.26164020480844385,1,0,1,39
0.04659498207885304,学苑食堂副食三组,2022-09-19,12:36:00,1,0,0.7037037037037037,0.4701986754966896,0.4409937888198776,0.3333333333333333,1.0,0,0.2623210215067644,1,0,1,24
0.48028673835125457,学苑食堂重庆小面,2022-09-19,18:17:00,1,0,0.5740740740740741,0.5364238410596016,0.512422360248447,0.3448275862068966,0.4,0,0.26312156803824394,1,0,1,11
0.06810035842293907,友来副食一组,2022-09-20,11:41:00,2,0,0.6851851851851851,0.5198675496688736,0.487577639751553,0.16091954022988508,0.6000000000000001,0,0.26557250815220357,1,0,0,38
0.2758064516129033,阳光副食二组,2022-09-20,17:26:00,2,0,0.7037037037037037,0.4701986754966896,0.4409937888198776,0.24137931034482757,0.4,0,0.26638244525882726,1,0,0,15
0.10394265232974911,美食林90后串炒饭,2022-09-21,11:40:00,3,0,0.8148148148148148,0.337748344370862,0.30745341614906607,0.3218390804597701,0.8,0,0.26895076756214564,1,1,0,18
0.1756272401433692,民族餐厅金家店,2022-09-21,17:44:00,3,0,0.7777777777777777,0.3112582781456972,0.28260869565217206,0.3448275862068966,0.5,0,0.26980530990071827,1,1,0,28
0.07168458781362008,友来副食一组,2022-09-22,07:42:00,4,0,0.7222222222222221,0.38079470198675835,0.354037267080745,0.41379310344827586,0.6000000000000001,0,0.27177263539449825,0,1,0,38
0.1756272401433692,学苑食堂香恋香拌砂锅,2022-09-22,12:17:00,4,0,0.7962962962962963,0.337748344370862,0.30745341614906607,0.42528735632183906,0.7000000000000001,0,0.2724182374359998,0,1,0,9
0.1695340501792115,阳光副食二组,2022-09-22,17:40:00,4,0,0.7037037037037037,0.3311258278145708,0.30745341614906607,0.8045977011494252,0.4,0,0.27317652637930223,0,1,0,15
0.23655913978494628,紫丁香餐吧机器人收银组,2022-09-23,12:00:00,5,0,0.6851851851851851,0.3046357615894024,0.28260869565217206,0.7931034482758621,0.30000000000000004,0,0.27575893454535105,1,1,1,3
0.2469534050179212,阳光副食二组,2022-09-23,18:54:00,5,0,0.6296296296296295,0.29801324503311477,0.28260869565217206,0.9310344827586208,0.30000000000000004,1,0.27673085907329664,1,1,1,15
0.22939068100358426,美食林陕西刀削面(罐罐面),2022-09-24,11:33:00,6,1,0.7222222222222221,0.450331125827816,0.4192546583850927,0.632183908045977,0.4,0,0.2790761552168277,0,0,0,36
0.32437275985663083,学苑食堂香恋香拌砂锅,2022-09-24,18:56:00,6,1,0.5740740740740741,0.43708609271523,0.4192546583850927,0.8505747126436782,0.1,0,0.28011616141459683,0,0,0,9
0.1541218637992832,学苑食堂副食三组,2022-09-25,17:58:00,7,1,0.7777777777777777,0.337748344370862,0.30745341614906607,0.4597701149425288,0.30000000000000004,0,0.2833606051286637,0,0,0,24
0.37275985663082445,美食林海南鸡饭,2022-09-26,11:19:00,1,0,0.7222222222222221,0.5728476821192068,0.5372670807453375,0.21839080459770116,0.30000000000000004,0,0.2858045023112652,1,0,1,39
0.19623655913978497,阳光副食二组,2022-09-26,17:06:00,1,0,0.7222222222222221,0.5000000000000036,0.46583850931676807,0.2988505747126437,0.1,0,0.28661913470546097,1,0,1,15
0.15770609318996417,美食林老上客砂锅,2022-09-27,17:35:00,2,0,0.7962962962962963,0.387417218543046,0.354037267080745,0.5402298850574714,0.30000000000000004,0,0.2900678234290268,1,0,0,16
0.021505376344086016,友来副食一组,2022-09-28,08:05:00,3,0,0.7407407407407407,0.3344370860927164,0.30745341614906607,0.7471264367816093,0.5,0,0.29211027352398844,1,1,0,38
0.10394265232974911,学苑食堂副食三组,2022-09-28,17:09:00,3,0,0.7777777777777777,0.38410596026490396,0.354037267080745,0.5862068965517242,0.30000000000000004,0,0.2933873917442753,1,1,0,24
0.06810035842293907,友来副食一组,2022-09-30,08:10:00,5,0,0.7222222222222221,0.3311258278145708,0.30745341614906607,0.8620689655172415,0.5,1,0.29888322585037486,1,1,1,38
0.42652329749103945,学院食堂陕西名小吃,2022-09-30,11:53:00,5,0,0.8333333333333333,0.29139072847682,0.2608695652173907,0.5517241379310345,0.5,0,0.2994067504149456,1,1,1,13
0.06630824372759858,美食林真牛铁板,2022-09-30,16:57:00,5,0,0.7222222222222221,0.28476821192053237,0.2608695652173907,0.8620689655172415,0.2,1,0.3001204341262991,1,1,1,30
0.30286738351254483,学苑食堂副食三组,2022-10-01,11:50:00,6,1,0.5740740740740741,0.658940397350996,0.6304347826086918,0.7241379310344829,0.30000000000000004,0,0.3027803145373156,0,0,0,24
0.21146953405017924,民族餐厅金家店,2022-10-03,16:44:00,1,1,0.5185185185185185,0.6821192052980152,0.6552795031055894,0.7816091954022988,0.4,0,0.3102317359182507,1,0,1,28
0.04838709677419356,友来副食一组,2022-10-04,08:10:00,2,1,0.4629629629629629,0.7516556291390728,0.7267080745341588,0.5977011494252873,0.4,0,0.3124056540653015,1,0,0,38
0.025089605734767026,学苑食堂包子,2022-10-04,11:28:00,2,1,0.537037037037037,0.7582781456953676,0.7267080745341588,0.2988505747126437,0.6000000000000001,0,0.31287048753519286,1,0,0,17
0.3046594982078853,紫丁香餐吧机器人收银组,2022-10-04,17:38:00,2,1,0.5,0.7549668874172184,0.7267080745341588,0.36781609195402304,0.2,0,0.31373911573649593,1,0,0,3
0.010752688172043001,学苑食堂主食二组,2022-10-05,11:19:00,3,1,0.5740740740740741,0.70860927152318,0.6770186335403707,0.3103448275862069,0.6000000000000001,0,0.3162299657948324,1,1,0,57
0.10896057347670252,友来副食一组,2022-10-05,17:59:00,3,1,0.48148148148148145,0.7019867549668888,0.6770186335403707,0.4942528735632184,0.1,0,0.31716902330975927,1,1,0,38
0.3906810035842294,美食林美美卤肉饭,2022-10-07,11:36:00,5,1,0.611111111111111,0.6357615894039732,0.6055900621118013,0.3218390804597701,0.2,0,0.3230310898466797,1,1,1,20
0.13978494623655915,阳光川蜀源烤鱼,2022-10-07,18:11:00,5,1,0.537037037037037,0.6291390728476856,0.6055900621118013,0.4597701149425288,0.2,0,0.3239584091426764,1,1,1,37
0.2544802867383512,紫丁香餐吧机器人收银组,2022-10-08,11:16:00,6,0,0.5925925925925926,0.6622516556291416,0.6304347826086918,0.42528735632183906,0.2,0,0.32636474402465865,0,0,0,3
0.2724014336917563,美食林海南鸡饭,2022-10-09,11:17:00,7,0,0.537037037037037,0.5827814569536436,0.5590062111801224,1.0,0.4,1,0.329747698722187,0,0,0,39
0.2670250896057348,阳光川蜀源烤鱼,2022-10-09,17:30:00,7,0,0.5185185185185185,0.529801324503314,0.512422360248447,1.0,0.6000000000000001,1,0.3306233698548482,0,0,0,37
0.22939068100358426,民族餐厅金家店,2022-10-10,11:48:00,1,0,0.5925925925925926,0.4635761589403984,0.4409937888198776,0.6206896551724137,0.8,0,0.33320108273332494,1,0,1,28
0.22939068100358426,学苑食堂副食三组,2022-10-10,17:56:00,1,0,0.5555555555555556,0.4602649006622528,0.4409937888198776,0.5057471264367817,0.5,0,0.33406501564705593,1,0,1,24
0.21146953405017924,美食林老上客砂锅,2022-10-10,19:18:00,1,0,0.537037037037037,0.48344370860927555,0.46583850931676807,0.5057471264367817,0.4,0,0.33425752243761053,1,0,1,16
0.3301075268817205,紫丁香餐吧机器人收银组,2022-10-11,11:59:00,2,0,0.6481481481481481,0.5894039735099348,0.5590062111801224,0.26436781609195403,0.5,0,0.3366075138687137,1,0,0,3
0.1845878136200717,阳光副食二组,2022-10-11,17:36:00,2,0,0.5740740740740741,0.6092715231788084,0.5838509316770164,0.42528735632183906,0.4,0,0.33739866982503486,1,0,0,15
0.007885304659498209,友来副食一组,2022-10-12,07:56:00,3,0,0.537037037037037,0.7317880794702027,0.7018633540372647,0.6091954022988506,0.4,0,0.3394176434821219,1,1,0,38
0.22544802867383515,阳光副食二组,2022-10-12,17:48:00,3,0,0.6296296296296295,0.6390728476821188,0.6055900621118013,0.35632183908045983,0.30000000000000004,0,0.34080744860420964,1,1,0,15
0.00896057347670251,友来副食一组,2022-10-14,07:55:00,5,0,0.5555555555555556,0.6324503311258312,0.6055900621118013,0.9195402298850575,0.1,1,0.3461765099457921,1,1,1,38
0.06810035842293907,美食林真牛铁板,2022-10-14,17:55:00,5,0,0.611111111111111,0.5397350993377472,0.512422360248447,0.7931034482758621,0.2,1,0.34758509621818234,1,1,1,30
0.09856630824372761,友来副食一组,2022-10-14,21:54:00,5,0,0.5555555555555556,0.5331125827814596,0.512422360248447,1.0,0.30000000000000004,1,0.3481461830833581,1,1,1,38
0.1756272401433692,紫丁香餐吧主食一组,2022-10-16,11:19:00,7,1,0.611111111111111,0.6125827814569575,0.5838509316770164,0.25287356321839083,0.7000000000000001,0,0.3534166433858701,0,0,0,56
0.13440860215053763,淘乐水果捞店,2022-10-16,17:50:00,7,1,0.5555555555555556,0.5827814569536436,0.5590062111801224,0.3448275862068966,0.4,0,0.3543345721067084,0,0,0,52
0.23835125448028674,学苑食堂副食三组,2022-10-18,18:40:00,2,0,0.4444444444444444,0.6490066225165592,0.6304347826086918,0.4942528735632184,0.2,0,0.36121316840353757,1,0,0,24
0.2768817204301075,紫丁香餐吧机器人收银组,2022-10-19,11:33:00,3,0,0.6481481481481481,0.5894039735099348,0.5590062111801224,0.22988505747126436,0.7000000000000001,0,0.3635913315600874,1,1,0,3
0.2652329749103943,民族餐厅旋转小火锅,2022-10-19,17:44:00,3,0,0.5925925925925926,0.4900662251655632,0.46583850931676807,0.3448275862068966,0.4,0,0.3644623074051765,1,1,0,33
0.18046594982078853,阳光副食二组,2022-10-20,17:21:00,4,0,0.6481481481481481,0.5430463576158964,0.512422360248447,0.6206896551724137,0.2,0,0.3677889186517973,0,1,1,15
0.29569892473118287,百味佳主食二组,2022-10-21,11:35:00,5,0,0.6851851851851851,0.420529801324502,0.39440993788819867,0.5287356321839081,1.0,0,0.3703572409551157,1,1,1,31
0.04480286738351255,友来副食一组,2022-10-22,07:56:00,6,1,0.48148148148148145,0.7019867549668888,0.6770186335403707,0.7126436781609196,0.2,0,0.37322371401943144,0,0,0,38
0.42652329749103945,民族餐厅铁板料理,2022-10-22,11:17:00,6,1,0.5555555555555556,0.70860927152318,0.6770186335403707,0.5057471264367817,0.30000000000000004,0,0.3736955904206809,0,0,0,19
0.13978494623655915,民族餐厅铁板料理,2022-10-22,17:19:00,6,1,0.537037037037037,0.6556291390728468,0.6304347826086918,0.37931034482758624,0.1,0,0.37454543747168145,0,0,0,19
0.07885304659498207,友来副食一组,2022-10-23,11:19:00,7,1,0.537037037037037,0.6556291390728468,0.6304347826086918,0.5517241379310345,0.5,0,0.3770808927619811,0,0,0,38
0.6594982078853047,阳光萌锅蒸饭,2022-10-24,11:15:00,1,0,0.537037037037037,0.7814569536423868,0.7484472049689437,0.3333333333333333,0.2,0,0.38045210924056505,0,0,1,55
0.01433691756272401,美食林老上客砂锅,2022-10-24,18:33:00,1,0,0.4444444444444444,0.7483443708609308,0.7267080745341588,0.5402298850574714,0.30000000000000004,0,0.381480377219404,0,0,1,16
0.5745519713261649,阳光副食二组,2022-10-25,11:03:00,2,0,0.6296296296296295,0.6655629139072872,0.6304347826086918,0.3218390804597701,0.6000000000000001,0,0.3838045445688465,1,0,0,15
0.20788530465949825,阳光川蜀源烤鱼,2022-10-25,17:55:00,2,0,0.5925925925925926,0.56291390728477,0.5372670807453375,0.471264367816092,0.30000000000000004,0,0.38477177380922,1,0,0,37
0.15519713261648746,学苑食堂副食三组,2022-10-26,11:39:00,3,0,0.5555555555555556,0.5827814569536436,0.5590062111801224,0.9195402298850575,0.5,1,0.3872696667989288,0,1,0,24
0.2759856630824373,阳光副食二组,2022-10-26,17:42:00,3,0,0.48148148148148145,0.7284768211920571,0.7018633540372647,0.8505747126436782,0.6000000000000001,0,0.3881218614937154,0,1,0,15
0.09856630824372761,友来副食一组,2022-10-28,07:56:00,5,0,0.38888888888888884,0.9602649006622563,0.9316770186335397,0.7701149425287357,0.1,0,0.39350735634181433,1,1,1,38
0.2831541218637993,学苑食堂副食三组,2022-10-28,11:19:00,5,0,0.5,0.9701986754966896,0.9316770186335397,0.41379310344827586,0.2,0,0.39398392803063587,1,1,1,24
0.1075268817204301,学苑食堂包子,2022-10-28,17:57:00,5,0,0.38888888888888884,0.9072847682119232,0.8819875776397481,0.6436781609195403,0.0,0,0.39491829025799063,1,1,1,17
0.08064516129032259,友来副食一组,2022-10-30,07:44:00,7,1,0.42592592592592593,0.7980132450331148,0.7732919254658377,0.6551724137931034,0.2,0,0.4002403987238239,0,0,0,38
0.3655913978494625,美食林海南鸡饭,2022-10-30,18:05:00,7,1,0.5555555555555556,0.658940397350996,0.6304347826086918,0.4597701149425288,0.30000000000000004,0,0.4016982855157494,0,0,0,39
0.22939068100358426,民族餐厅山西饸饹面,2022-10-31,17:12:00,1,0,0.537037037037037,0.5066225165562912,0.487577639751553,0.5517241379310345,0.5,0,0.4049544674487464,0,0,0,10
0.24731182795698928,阳光川蜀源烤鱼,2022-11-01,11:15:00,2,0,0.48148148148148145,0.6026490066225172,0.5838509316770164,0.3333333333333333,1.0,0,0.40749696567040417,1,0,0,37
0.1756272401433692,学苑食堂副食三组,2022-11-01,17:30:00,2,0,0.4074074074074074,0.6192052980132452,0.6055900621118013,0.5862068965517242,0.5,0,0.40837733209065163,1,0,0,24
0.4946236559139785,美食林陕西刀削面(川无界),2022-11-02,11:34:00,3,0,0.4444444444444444,0.6225165562913908,0.6055900621118013,0.19540229885057475,0.7000000000000001,0,0.4109221779560954,0,1,0,34
0.04301075268817203,学苑食堂重庆小面,2022-11-02,16:54:00,3,0,0.38888888888888884,0.6456953642384136,0.6304347826086918,0.3103448275862069,0.30000000000000004,0,0.41167342396803974,0,1,0,11
0.29211469534050183,美食林海南鸡饭,2022-11-03,11:31:00,4,0,0.4074074074074074,0.6456953642384136,0.6304347826086918,0.35632183908045983,0.6000000000000001,0,0.4142957420784654,1,1,0,39
0.1756272401433692,美食林小猪憨尼麻辣烫,2022-11-03,18:03:00,4,0,0.31481481481481477,0.6390728476821188,0.6304347826086918,0.5747126436781609,0.30000000000000004,0,0.41521601844308975,1,1,0,0
1.0000000000000002,学苑食堂副食三组,2022-11-04,12:53:00,5,0,0.4444444444444444,0.6490066225165592,0.6304347826086918,0.2873563218390805,0.7000000000000001,0,0.41786885592276235,1,1,1,24
0.13978494623655915,民族餐厅金家店,2022-11-05,11:31:00,6,1,0.48148148148148145,0.6026490066225172,0.5838509316770164,0.40229885057471265,0.4,0,0.42105695618593586,0,0,0,28
0.2831541218637993,学院食堂陕西名小吃,2022-11-06,11:36:00,7,1,0.5555555555555556,0.6324503311258312,0.6055900621118013,0.3103448275862069,0.30000000000000004,0,0.42444930145859416,0,0,0,13
0.31899641577060933,民族餐厅金家店,2022-11-06,18:08:00,7,1,0.4444444444444444,0.5728476821192068,0.5590062111801224,0.4942528735632184,0.30000000000000004,0,0.4253695778232185,0,0,0,28
0.11111111111111113,学苑食堂副食三组,2022-11-07,08:15:00,1,0,0.37037037037037035,0.5927152317880804,0.5838509316770164,0.8390804597701149,0.2,1,0.4273580321110728,0,0,0,24
0.33333333333333337,学苑食堂包子,2022-11-07,11:54:00,1,0,0.537037037037037,0.6092715231788084,0.5838509316770164,0.37931034482758624,0.5,0,0.4278721661004994,0,0,0,17
0.37275985663082445,民族餐厅旋转小火锅,2022-11-07,17:32:00,1,0,0.4074074074074074,0.6192052980132452,0.6055900621118013,0.6436781609195403,0.4,0,0.4286656697006066,0,0,0,33
0.6415770609318997,美食林陕西刀削面(川无界),2022-11-08,11:48:00,2,0,0.5555555555555556,0.5827814569536436,0.5590062111801224,0.37931034482758624,0.6000000000000001,0,0.43123868729151127,1,0,0,34
0.2831541218637993,学苑食堂香恋香拌砂锅,2022-11-09,11:16:00,3,0,0.5740740740740741,0.5364238410596016,0.512422360248447,0.471264367816092,0.5,0,0.43454416974404353,0,1,0,9
0.25268817204301075,百味佳主食二组,2022-11-09,17:19:00,3,0,0.5,0.6059602649006628,0.5838509316770164,0.5057471264367817,0.2,0,0.4353963644388301,0,1,0,31
0.18512544802867384,阳光副食二组,2022-11-10,17:28:00,4,0,0.42592592592592593,0.7980132450331148,0.7732919254658377,0.35632183908045983,0.2,0,0.4387981002866468,1,1,0,15
0.030465949820788527,友来副食一组,2022-11-11,07:45:00,5,0,0.48148148148148145,0.6258278145695364,0.6055900621118013,0.7126436781609196,0.4,1,0.4408100310123757,1,1,1,38
0.12186379928315413,学苑食堂包子,2022-11-11,11:42:00,5,0,0.5740740740740741,0.5364238410596016,0.512422360248447,0.9310344827586208,0.6000000000000001,1,0.4413664225899794,1,1,1,17
0.849462365591398,百味佳主食二组,2022-11-11,17:32:00,5,0,0.5555555555555556,0.5827814569536436,0.5590062111801224,0.7931034482758621,0.5,1,0.44218809791553326,1,1,1,31
0.3154121863799284,民族餐厅旋转小火锅,2022-11-12,10:35:00,6,1,0.4074074074074074,0.6721854304635784,0.6552795031055894,0.7126436781609196,0.5,1,0.44458973750995767,0,0,0,33
0.21003584229390684,阳光副食二组,2022-11-13,17:14:00,7,1,0.3333333333333333,0.7152317880794747,0.7018633540372647,0.6436781609195403,0.4,0,0.4489070544348266,0,0,0,15
0.2084229390681004,阳光副食二组,2022-11-14,11:31:00,1,0,0.35185185185185186,0.4701986754966896,0.46583850931676807,0.6436781609195403,0.4,0,0.4514824196695031,0,0,0,15
0.12186379928315413,学苑食堂包子,2022-11-14,17:01:00,1,0,0.3333333333333333,0.466887417218544,0.46583850931676807,0.7701149425287357,0.2,1,0.452257142119322,0,0,0,17
0.2652329749103943,阳光川蜀源烤鱼,2022-11-15,17:04:00,2,0,0.31481481481481477,0.466887417218544,0.46583850931676807,0.9195402298850575,0.2,1,0.4556447921044082,1,0,0,37
0.3046594982078853,美食林海南鸡饭,2022-11-16,11:26:00,3,0,0.42592592592592593,0.49668874172185795,0.487577639751553,0.5977011494252873,0.4,0,0.4582318955580291,0,1,0,39
0.21146953405017924,美食林老上客砂锅,2022-11-16,17:25:00,3,0,0.37037037037037035,0.5198675496688736,0.512422360248447,0.7701149425287357,0.30000000000000004,0,0.45907469967767156,0,1,0,16
0.1924731182795699,百味佳主食二组,2022-11-17,12:03:00,4,0,0.4629629629629629,0.5264900662251684,0.512422360248447,0.5977011494252873,0.5,0,0.4616993654318833,1,1,0,31
0.2652329749103943,百味佳主食二组,2022-11-17,17:25:00,4,0,0.4444444444444444,0.5000000000000036,0.487577639751553,0.7816091954022988,0.4,0,0.4624553067313997,1,1,0,31
0.2225806451612903,阳光副食二组,2022-11-18,11:43:00,5,0,0.5,0.8245033112582796,0.7950310559006191,0.4597701149425288,0.30000000000000004,0,0.4650330196098764,1,1,1,15
0.2831541218637993,学苑食堂包子,2022-11-18,16:55:00,5,0,0.38888888888888884,0.8178807947019884,0.7950310559006191,0.7701149425287357,0.30000000000000004,0,0.4657654844715182,1,1,1,17
0.2831541218637993,民族餐厅山西饸饹面,2022-11-19,11:16:00,6,1,0.5,0.5033112582781456,0.487577639751553,0.5057471264367817,0.7000000000000001,0,0.4683502402813531,0,0,0,10
0.14336917562724014,学苑食堂副食一组,2022-11-20,16:50:00,7,1,0.3333333333333333,0.6125827814569575,0.6055900621118013,0.5287356321839081,0.4,0,0.47251496036004426,0,0,0,2
0.40448028673835135,阳光副食二组,2022-11-21,11:50:00,1,0,0.37037037037037035,0.7185430463576168,0.7018633540372647,0.3448275862068966,0.4,0,0.47519127427757724,0,0,0,15
0.02688172043010753,民族餐厅山西饸饹面,2022-11-22,07:43:00,2,0,0.24074074074074073,0.7549668874172184,0.7484472049689437,0.8390804597701149,0.1,0,0.4779920133158413,1,0,0,10
0.21146953405017924,学苑食堂包子,2022-11-22,11:41:00,2,0,0.4074074074074074,0.7450331125827852,0.7267080745341588,0.4827586206896552,0.2,0,0.4785507525372168,1,0,0,17
0.0035842293906809958,学苑食堂副食三组,2022-11-23,11:48:00,3,0,0.38888888888888884,0.596026490066226,0.5838509316770164,0.5862068965517242,0.30000000000000004,0,0.4819477930974614,0,1,0,24
0.31021505376344094,阳光副食二组,2022-11-23,17:23:00,3,0,0.3333333333333333,0.6125827814569575,0.6055900621118013,0.5747126436781609,0.2,0,0.4827342537662105,0,1,0,15
0.1756272401433692,美食林90后串炒饭,2022-11-24,12:15:00,4,0,0.42592592592592593,0.49668874172185795,0.487577639751553,0.4942528735632184,0.4,0,0.48539178653345516,1,1,0,18
0.1795698924731183,阳光副食二组,2022-11-24,17:47:00,4,0,0.4074074074074074,0.39735099337748636,0.39440993788819867,0.8505747126436782,0.4,1,0.48617120427084615,1,1,0,15
0.44444444444444453,学苑食堂副食三组,2022-11-24,19:30:00,4,0,0.4074074074074074,0.38079470198675835,0.378881987577639,1.0,0.4,1,0.48641301158093597,1,1,0,24
0.21039426523297491,阳光副食二组,2022-11-26,11:57:00,6,1,0.2962962962962963,0.4867549668874176,0.487577639751553,0.5172413793103448,0.6000000000000001,0,0.4921107430527343,0,0,0,15
0.16899641577060937,阳光副食二组,2022-11-28,11:50:00,1,0,0.2962962962962963,0.5860927152317892,0.5838509316770164,0.7701149425287357,0.6000000000000001,0,0.49885552365368824,0,0,0,15
0.21397849462365595,百味佳主食二组,2022-11-28,16:40:00,1,0,0.24074074074074073,0.5562913907284788,0.5590062111801224,0.8390804597701149,0.5,0,0.4995363403520088,0,0,0,31
0.22580645161290328,紫丁香餐吧主食一组,2022-11-29,11:41:00,2,0,0.18518518518518517,0.5496688741721876,0.5590062111801224,0.8275862068965518,0.9,1,0.502215001913342,1,0,0,56
0.14157706093189965,学苑食堂副食三组,2022-12-01,17:30:00,4,0,0.055555555555555525,0.7152317880794747,0.7267080745341588,0.6666666666666667,0.2,0,0.5097955437025661,1,1,0,24
0.22939068100358426,美食林九旦西北小吃,2022-12-04,12:00:00,7,1,0.18518518518518517,0.8245033112582796,0.8198757763975131,0.44827586206896547,0.5,0,0.5191626424139457,0,0,0,42
0.1756272401433692,美食林老上客砂锅,2022-12-10,18:06:00,6,1,0.2037037037037037,0.6523178807947012,0.6552795031055894,0.6896551724137931,0.4,0,0.5403055223624875,0,0,0,16
0.10394265232974911,学苑食堂副食三组,2022-12-21,07:42:00,3,0,0.1296296296296296,0.3311258278145708,0.354037267080745,0.8275862068965518,0.6000000000000001,1,0.5760272702302416,0,0,0,24
0.30107526881720437,阳光川蜀源烤鱼,2022-12-21,11:54:00,3,0,0.14814814814814814,0.28476821192053237,0.30745341614906607,0.8275862068965518,0.7000000000000001,1,0.5766188764646358,0,0,0,37
0.12186379928315413,学苑食堂副食三组,2022-12-22,18:07:00,4,0,0.0,0.48344370860927555,0.512422360248447,0.735632183908046,0.30000000000000004,1,0.5808751546510393,0,0,0,24
0.10394265232974911,美食林九旦西北小吃,2022-12-24,11:29:00,6,1,0.18518518518518517,0.7019867549668888,0.7018633540372647,0.6781609195402298,0.2,0,0.586702006531155,0,0,0,42
0.45376344086021514,民族餐厅旋转小火锅,2022-12-26,11:29:00,1,0,0.1111111111111111,0.8178807947019884,0.8198757763975131,0.8275862068965518,0.1,1,0.5934632206386112,0,0,0,33
0.45519713261648753,美食林小猪憨尼麻辣烫,2022-12-27,18:55:00,2,0,0.1296296296296296,0.7450331125827852,0.7484472049689437,0.8275862068965518,0.1,1,0.5978908768214808,0,0,0,0
0.15770609318996417,美食林海南鸡饭,2022-12-29,12:24:00,4,0,0.1111111111111111,0.7682119205298008,0.7732919254658377,0.6781609195402298,0.4,0,0.6037341622080987,0,0,0,39
0.22939068100358426,美食林阿咪酱骨扒肉,2022-12-30,11:35:00,5,0,0.16666666666666666,0.7483443708609308,0.7484472049689437,0.6781609195402298,0.4,1,0.6069997347162541,0,0,0,12
0.6577060931899642,美食林蜀香麻辣烫(川香麻辣烫),2022-12-31,17:30:00,6,1,0.2037037037037037,0.7284768211920571,0.7267080745341588,0.6896551724137931,0.30000000000000004,0,0.6112137553144805,0,0,0,7
0.19354838709677422,学苑食堂副食三组,2022-12-31,19:20:00,6,1,0.18518518518518517,0.725165562913908,0.7267080745341588,0.6781609195402298,0.30000000000000004,0,0.6114719961310868,0,0,0,24
0.26863799283154133,阳光副食二组,2023-02-01,17:40:00,3,0,0.14814814814814814,0.7218543046357624,0.7267080745341588,0.6781609195402298,0.30000000000000004,0,0.71941665747174,0,0,0,15
0.012544802867383506,友来副食一组,2023-02-02,07:44:00,4,0,0.055555555555555525,0.7615894039735132,0.7732919254658377,0.6666666666666667,0.5,0,0.721398068828222,0,0,0,38
0.21146953405017924,美食林川蜀源烤鱼,2023-02-02,11:56:00,4,0,0.18518518518518517,0.7748344370860956,0.7732919254658377,0.4942528735632184,0.5,0,0.7219896750626305,0,0,0,1
0.3689964157706094,阳光副食二组,2023-02-02,18:09:00,4,0,0.1111111111111111,0.741721854304636,0.7484472049689437,0.6781609195402298,0.4,0,0.7228653461952916,0,0,0,15
0.12186379928315413,美食林肠粉,2023-02-03,11:58:00,5,0,0.2037037037037037,0.6026490066225172,0.6055900621118013,0.5632183908045978,0.30000000000000004,0,0.7253749774039306,0,0,0,25
0.20071684587813624,紫丁香餐吧机器人收银组,2023-02-04,11:55:00,6,1,0.24074074074074073,0.5827814569536436,0.5838509316770164,0.5632183908045978,0.4,0,0.7287485415263006,0,0,0,3
0.8207885304659499,学苑食堂包子,2023-02-04,17:21:00,6,1,0.25925925925925924,0.5364238410596016,0.5372670807453375,0.5632183908045978,0.30000000000000004,0,0.7295138734009612,0,0,0,17
0.31182795698924737,阳光小是小简餐,2023-02-07,11:52:00,2,0,0.25925925925925924,0.70860927152318,0.7018633540372647,0.5172413793103448,0.30000000000000004,0,0.7388833197561269,0,0,0,23
0.15232974910394265,紫丁香餐吧机器人收银组,2023-02-07,17:36:00,2,0,0.2037037037037037,0.7019867549668888,0.7018633540372647,0.5632183908045978,0.2,0,0.7396909092189645,0,0,0,3
0.13978494623655915,美食林那小味面馆,2023-02-07,19:08:00,2,0,0.1296296296296296,0.6953642384105976,0.7018633540372647,0.7471264367816093,0.2,0,0.7399068924474079,0,0,0,22
0.6236559139784947,美食林阿咪酱骨扒肉,2023-02-08,10:47:00,3,0,0.24074074074074073,0.7317880794702027,0.7267080745341588,0.6206896551724137,0.5,0,0.7421113299636914,0,0,0,12
0.008781362007168454,学苑食堂副食二组,2023-02-09,07:42:00,4,0,0.1111111111111111,0.8675496688741724,0.8664596273291885,0.8275862068965518,0.1,1,0.7450576229167609,0,0,0,14
0.33225806451612905,阳光副食二组,2023-02-09,17:19:00,4,0,0.2962962962962963,0.7384105960264904,0.7267080745341588,0.5747126436781609,0.30000000000000004,0,0.7464122133820439,0,0,0,15
0.1756272401433692,美食林阿咪酱骨扒肉,2023-02-10,11:49:00,5,0,0.35185185185185186,0.5165562913907316,0.512422360248447,0.9195402298850575,0.5,1,0.7490180979859673,0,0,0,12
0.25125448028673836,阳光副食二组,2023-02-10,17:52:00,5,0,0.31481481481481477,0.56291390728477,0.5590062111801224,0.8390804597701149,0.4,1,0.7498702926807539,0,0,0,15
0.3906810035842294,美食林那小味面馆,2023-02-11,11:40:00,6,1,0.35185185185185186,0.4900662251655632,0.487577639751553,0.8390804597701149,0.7000000000000001,1,0.7523775762456069,0,0,0,22
0.29569892473118287,阳光副食二组,2023-02-11,18:11:00,6,1,0.2962962962962963,0.5860927152317892,0.5838509316770164,0.9195402298850575,0.6000000000000001,1,0.7532955049664452,0,0,0,15
0.15770609318996417,紫丁香餐吧机器人收银组,2023-02-12,11:35:00,7,1,0.24074074074074073,0.85430463576159,0.8447204968944106,0.6206896551724137,0.30000000000000004,1,0.7557464450804048,0,0,0,3
0.9964157706093191,回味斋一餐厅副食一组,2023-02-14,12:15:00,2,0,0.2037037037037037,0.8907284768211952,0.8819875776397481,0.5632183908045978,0.5,0,0.7626015649393594,0,0,0,4
0.10394265232974911,学苑食堂副食三组,2023-02-14,17:41:00,2,0,0.14814814814814814,0.9602649006622563,0.9534161490683211,0.6091954022988506,0.30000000000000004,0,0.7633668968140199,0,0,0,24
0.02688172043010753,美食林肠粉,2023-02-15,07:53:00,3,0,0.055555555555555525,1.0,1.0,0.735632183908046,0.1,0,0.7653670893208044,0,0,0,25
0.3853046594982079,美食林肠粉,2023-02-15,17:30:00,3,0,0.16666666666666666,0.887417218543046,0.8819875776397481,0.5517241379310345,0.30000000000000004,0,0.7667216797860874,0,0,0,25
0.22293906810035843,阳光副食二组,2023-02-16,11:55:00,4,0,0.2777777777777778,0.658940397350996,0.6552795031055894,0.5172413793103448,0.4,0,0.7693158261710664,0,0,0,15
0.16881720430107527,阳光副食二组,2023-02-17,11:58:00,5,0,0.2777777777777778,0.6357615894039732,0.6304347826086918,0.5747126436781609,0.4,0,0.7727034761561669,0,0,0,15
0.3179211469534051,百味佳主食二组,2023-02-17,17:22:00,5,0,0.2962962962962963,0.6357615894039732,0.6304347826086918,0.5172413793103448,0.2,0,0.7734641127432553,0,0,0,31
0.05376344086021506,学苑食堂副食三组,2023-02-19,07:54:00,7,1,0.16666666666666666,0.403973509933774,0.4192546583850927,0.6781609195402298,0.1,0,0.7788918651795171,0,0,0,24
0.31899641577060933,学苑食堂香恋香拌砂锅,2023-02-21,11:29:00,2,0,0.24074074074074073,0.996688741721858,0.9782608695652151,0.5057471264367817,0.5,0,0.7861578227012558,1,0,0,9
0.10394265232974911,学苑食堂重庆小面,2023-02-21,18:13:00,2,0,0.24074074074074073,0.8774834437086128,0.8664596273291885,0.4597701149425288,0.2,0,0.7871062707913268,1,0,0,11
0.09318996415770611,学苑食堂副食一组,2023-02-22,14:33:00,3,0,0.38888888888888884,0.6192052980132452,0.6055900621118013,0.5287356321839081,0.5,0,0.7899703962118423,1,1,0,2
0.08064516129032259,学苑食堂副食三组,2023-02-23,07:43:00,4,0,0.16666666666666666,0.6225165562913908,0.6304347826086918,0.8275862068965518,0.2,0,0.7923884693127832,0,1,1,24
0.30107526881720437,美食林九旦西北小吃,2023-02-23,18:34:00,4,0,0.25925925925925924,0.6821192052980152,0.6770186335403707,0.632183908045977,0.2,0,0.7939167854183182,0,1,1,42
0.21111111111111117,美食林小猪憨尼麻辣烫,2023-02-24,12:06:00,5,0,0.31481481481481477,0.8112582781456972,0.7950310559006191,0.5747126436781609,0.6000000000000001,0,0.7963865066825804,0,0,0,0
0.10394265232974911,学苑食堂主食三组（面条）,2023-02-25,12:43:00,6,1,0.37037037037037035,0.8675496688741724,0.8447204968944106,0.3448275862068966,0.7000000000000001,0,0.7998539765564345,0,0,0,50
0.2206093189964158,阳光副食二组,2023-02-27,17:47:00,1,0,0.5185185185185185,0.48344370860927555,0.46583850931676807,0.41379310344827586,0.6000000000000001,1,0.8073288743752443,0,1,0,15
0.0014336917562723928,紫丁香餐吧主食一组,2023-02-28,07:42:00,2,0,0.35185185185185186,0.4900662251655632,0.487577639751553,0.7701149425287357,0.7000000000000001,0,0.8092891569376519,1,0,0,56
0.30824372759856633,紫丁香餐吧机器人收银组,2023-02-28,12:19:00,2,0,0.4074074074074074,0.596026490066226,0.5838509316770164,0.6436781609195403,0.7000000000000001,0,0.8099394542667255,1,0,0,3
0.6405017921146954,阳光副食二组,2023-02-28,17:00:00,2,0,0.4074074074074074,0.6456953642384136,0.6304347826086918,0.5402298850574714,0.30000000000000004,0,0.8105991421709717,1,0,0,15
0.30824372759856633,美食林小猪憨尼麻辣烫,2023-03-01,17:44:00,3,0,0.2962962962962963,0.6622516556291416,0.6552795031055894,0.8390804597701149,0.5,1,0.8140830455513424,1,1,0,0
0.00896057347670251,学苑食堂包子,2023-03-02,07:48:00,4,0,0.24074074074074073,0.6556291390728468,0.6552795031055894,0.7586206896551724,0.4,0,0.8160644569078244,0,1,1,17
0.13978494623655915,美食林那小味面馆,2023-03-02,12:27:00,4,0,0.3333333333333333,0.56291390728477,0.5590062111801224,0.5747126436781609,0.9,0,0.8167194495244843,0,1,1,22
0.2652329749103943,学苑食堂包子,2023-03-03,17:41:00,5,0,0.37037037037037035,0.7450331125827852,0.7267080745341588,0.5862068965517242,0.1,0,0.8208372167274405,0,0,0,17
0.25842293906810043,美食林小猪憨尼麻辣烫,2023-03-03,20:56:00,5,0,0.31481481481481477,0.7615894039735132,0.7484472049689437,0.632183908045977,0.1,0,0.8212950072659595,0,0,0,0
0.02688172043010753,学苑食堂副食三组,2023-03-04,07:54:00,6,1,0.37037037037037035,0.8145695364238428,0.7950310559006191,0.5862068965517242,0.2,0,0.822839756878011,0,0,0,24
0.2652329749103943,美食林老上客砂锅,2023-03-04,12:53:00,6,1,0.5555555555555556,0.8079470198675516,0.7732919254658377,0.24137931034482757,0.5,0,0.8235417023704201,0,0,0,16
0.2831541218637993,民族餐厅山西饸饹面,2023-03-04,17:01:00,6,1,0.537037037037037,0.7582781456953676,0.7267080745341588,0.27586206896551724,0.30000000000000004,0,0.8241239180296702,0,0,0,10
0.21146953405017924,美食林蜀香麻辣烫(川香麻辣烫),2023-03-05,11:17:00,7,1,0.5740740740740741,0.5364238410596016,0.512422360248447,0.471264367816092,0.9,0,0.8266969356205749,0,0,0,7
0.0896057347670251,学苑食堂包子,2023-03-06,07:44:00,1,0,0.4444444444444444,0.4768211920529808,0.46583850931676807,0.6551724137931034,0.4,1,0.8295774945476069,0,1,0,17
0.21827956989247319,阳光副食二组,2023-03-06,17:20:00,1,0,0.5740740740740741,0.43708609271523,0.4192546583850927,0.1839080459770115,0.5,0,0.8309297373690896,0,1,0,15
0.4086021505376345,美食林阿咪酱骨扒肉,2023-03-07,11:55:00,2,0,0.5555555555555556,0.29470198675496917,0.28260869565217206,0.6091954022988506,0.4,1,0.8335473601919432,1,0,0,12
0.06810035842293907,学院食堂陕西名小吃,2023-03-07,17:38:00,2,0,0.42592592592592593,0.3576158940397356,0.354037267080745,0.8505747126436782,0.5,0,0.8343526020109948,1,0,0,13
0.22939068100358426,学苑食堂副食一组,2023-03-08,11:47:00,3,0,0.48148148148148145,0.6523178807947012,0.6304347826086918,0.4942528735632184,0.30000000000000004,0,0.836909186095383,1,1,0,2
0.1756272401433692,学苑食堂铁锅焖面,2023-03-08,17:26:00,3,0,0.4444444444444444,0.5728476821192068,0.5590062111801224,0.5977011494252873,0.30000000000000004,0,0.8377050373392763,1,1,0,29
0.20573476702508964,美食林小猪憨尼麻辣烫,2023-03-09,17:22:00,4,0,0.5740740740740741,0.39735099337748636,0.378881987577639,0.3103448275862069,0.30000000000000004,0,0.8410762538178602,0,1,1,0
0.24731182795698928,美食林阿咪酱骨扒肉,2023-03-10,11:26:00,5,0,0.5925925925925926,0.39735099337748636,0.378881987577639,0.3103448275862069,0.5,0,0.843621099683304,0,0,0,12
0.2831541218637993,美食林阿咪酱骨扒肉,2023-03-10,17:29:00,5,0,0.6666666666666666,0.2781456953642376,0.2608695652173907,0.35632183908045983,0.7000000000000001,0,0.8444732943781048,0,0,0,12
0.19354838709677422,美食林老上客砂锅,2023-03-12,18:18:00,7,1,0.3333333333333333,0.6887417218543064,0.6770186335403707,0.2988505747126437,0.30000000000000004,0,0.851349543031148,0,0,0,16
0.4623655913978495,美食林阿咪酱骨扒肉,2023-03-13,11:41:00,1,0,0.4074074074074074,0.49668874172185795,0.487577639751553,0.13793103448275862,0.30000000000000004,0,0.8537981355013073,0,1,0,12
0.06989247311827956,淘乐水果捞店,2023-03-14,07:58:00,2,0,0.3333333333333333,0.41721854304635997,0.4192546583850927,0.471264367816092,0.30000000000000004,0,0.8566552179904647,1,1,0,52
0.21146953405017924,民族餐厅山西饸饹面,2023-03-14,11:44:00,2,0,0.4074074074074074,0.38079470198675835,0.378881987577639,0.1839080459770115,0.4,0,0.8571857854864078,1,1,0,10
0.16827956989247314,阳光副食二组,2023-03-14,17:21:00,2,0,0.42592592592592593,0.307947019867548,0.30745341614906607,0.43678160919540227,0.5,0,0.857976941442729,1,1,0,15
0.03584229390681004,学苑食堂副食三组,2023-03-15,07:50:00,3,0,0.3333333333333333,0.3907284768211916,0.39440993788819867,1.0,0.5,1,0.8600170438939045,1,1,0,24
0.1756272401433692,美食林川蜀源烤鱼,2023-03-15,12:20:00,3,0,0.38888888888888884,0.4470198675496704,0.4409937888198776,0.6436781609195403,0.8,0,0.8606509077164759,1,1,0,1
0.10394265232974911,学苑食堂副食三组,2023-03-15,18:16:00,3,0,0.35185185185185186,0.5430463576158964,0.5372670807453375,0.7701149425287357,0.4,0,0.8614866689047602,1,1,0,24
0.10394265232974911,学苑食堂副食一组,2023-03-16,17:55:00,4,0,0.37037037037037035,0.6688741721854292,0.6552795031055894,0.4827586206896552,0.30000000000000004,0,0.8648179754389531,0,1,1,2
0.23655913978494628,紫丁香餐吧机器人收银组,2023-03-18,17:20:00,6,1,0.5555555555555556,0.4867549668874176,0.46583850931676807,0.16091954022988508,0.30000000000000004,0,0.8714970220138554,0,0,0,3
0.005376344086021501,学苑食堂副食三组,2023-03-19,07:45:00,7,1,0.4629629629629629,0.450331125827816,0.4409937888198776,0.2873563218390805,0.6000000000000001,0,0.8735277338898868,0,0,0,24
0.12186379928315413,学苑食堂包子,2023-03-19,11:44:00,7,1,0.6666666666666666,0.4470198675496704,0.4192546583850927,0.08045977011494254,0.6000000000000001,0,0.8740888207550483,0,0,0,17
0.1756272401433692,学院食堂陕西名小吃,2023-03-19,17:24:00,7,1,0.6481481481481481,0.35430463576159,0.33229813664596364,0.022988505747126464,0.6000000000000001,0,0.8748870196427418,0,0,0,13
0.6774193548387097,学苑食堂副食三组,2023-03-20,17:59:00,1,0,0.6296296296296295,0.25165562913907635,0.23602484472049667,0.35632183908045983,0.5,1,0.8783497942290239,0,1,0,24
0.49820788530465954,美食林阿咪酱骨扒肉,2023-03-21,11:45:00,2,0,0.6851851851851851,0.2284768211920536,0.2111801242235991,0.24137931034482757,0.7000000000000001,0,0.8808523825063048,1,1,0,12
0.49336917562724014,百味佳主食二组,2023-03-21,17:41:00,2,0,0.611111111111111,0.19867549668874318,0.1894409937888213,0.42528735632183906,0.30000000000000004,1,0.8816881436945891,1,1,0,31
0.13978494623655915,学苑食堂包子,2023-03-22,11:33:00,3,0,0.5740740740740741,0.2185430463576168,0.2111801242235991,0.11494252873563221,1.0,1,0.8842048178345863,1,1,0,17
0.13978494623655915,美食林阿咪酱骨扒肉,2023-03-23,11:20:00,4,0,0.38888888888888884,0.4933774834437088,0.487577639751553,0.27586206896551724,0.8,0,0.8875549055190817,0,1,1,12
0.2437275985663083,美食林老上客砂锅,2023-03-23,17:20:00,4,0,0.4074074074074074,0.5231788079470192,0.512422360248447,0.24137931034482757,0.6000000000000001,0,0.8884000572825101,0,1,1,16
0.22939068100358426,美食林阿咪酱骨扒肉,2023-03-23,19:39:00,4,0,0.37037037037037035,0.5662251655629156,0.5590062111801224,0.3448275862068966,0.30000000000000004,0,0.8887263797689542,0,1,1,12
0.3655913978494625,学院食堂陕西名小吃,2023-03-24,12:08:00,5,0,0.42592592592592593,0.7218543046357624,0.7018633540372647,0.3218390804597701,0.4,0,0.8910481994745965,0,0,0,13
0.3548387096774194,美食林川蜀源烤鱼,2023-03-24,18:30:00,5,0,0.38888888888888884,0.692052980132452,0.6770186335403707,0.39080459770114945,0.1,0,0.8919449994013604,0,0,0,1
0.0,学苑食堂副食三组,2023-03-25,08:06:00,6,1,0.38888888888888884,0.6688741721854292,0.6552795031055894,0.43678160919540227,0.2,0,0.8938606767318049,0,0,0,24
0.21146953405017924,紫丁香餐吧机器人收银组,2023-03-25,11:18:00,6,1,0.4629629629629629,0.675496688741724,0.6552795031055894,0.25287356321839083,0.5,0,0.8943114243389658,0,0,0,3
0.3369175627240144,美食林那小味面馆,2023-03-25,17:22:00,6,1,0.4444444444444444,0.5993377483443751,0.5838509316770164,0.3218390804597701,0.4,0,0.8951659666775527,0,0,0,22
0.1756272401433692,学院食堂陕西名小吃,2023-03-26,17:45:00,7,1,0.48148148148148145,0.529801324503314,0.512422360248447,0.1724137931034483,0.4,0,0.8986005695383881,0,0,0,13
0.02329749103942652,学苑食堂副食三组,2023-03-27,07:43:00,1,0,0.4629629629629629,0.5529801324503296,0.5372670807453375,0.3218390804597701,0.4,0,0.9005678950321538,0,1,0,24
0.2831541218637993,美食林阿咪酱骨扒肉,2023-03-27,11:07:00,1,0,0.5740740740740741,0.5364238410596016,0.512422360248447,0.09195402298850575,0.5,0,0.9010468143647756,0,1,0,12
0.5161290322580645,学苑食堂副食三组,2023-03-27,17:22:00,1,0,0.5925925925925926,0.4900662251655632,0.46583850931676807,0.06896551724137934,0.30000000000000004,0,0.9019271807850089,0,1,0,24
0.0896057347670251,学苑食堂副食三组,2023-03-28,07:45:00,2,0,0.5,0.6291390728476856,0.6055900621118013,0.2988505747126437,0.2,0,0.9039531973734682,1,1,0,24
0.04121863799283154,学苑食堂副食二组,2023-03-28,11:11:00,2,0,0.5925925925925926,0.6125827814569575,0.5838509316770164,0.103448275862069,0.30000000000000004,0,0.9044368119936479,1,1,0,14
0.49820788530465954,学苑食堂副食一组,2023-03-28,18:00:00,2,0,0.5740740740740741,0.5364238410596016,0.512422360248447,0.11494252873563221,0.2,0,0.9053969983026633,1,1,0,2
0.03584229390681004,学苑食堂副食三组,2023-03-30,08:11:00,4,0,0.611111111111111,0.4900662251655632,0.46583850931676807,0.21839080459770116,0.2,0,0.9107754502193899,1,1,1,24
0.18261648745519715,阳光副食二组,2023-03-30,17:43:00,4,0,0.6666666666666666,0.466887417218544,0.4409937888198776,0.1839080459770115,0.2,1,0.9121183024657427,1,1,1,15
0.22580645161290328,学院食堂陕西名小吃,2023-04-01,11:18:00,6,1,0.7777777777777777,0.4536423841059616,0.4192546583850927,0.25287356321839083,0.8,1,0.9179756737150768,0,0,0,13
0.12544802867383512,学苑食堂副食三组,2023-04-02,07:44:00,7,1,0.6666666666666666,0.5430463576158964,0.512422360248447,0.26436781609195403,0.7000000000000001,1,0.9208538849983228,0,0,0,24
0.08602150537634409,淘乐水果捞店,2023-04-02,11:47:00,7,1,0.8148148148148148,0.5529801324503296,0.512422360248447,0.11494252873563221,0.9,0,0.9214243624386427,0,0,0,52
0.4623655913978495,学苑食堂包子,2023-04-02,17:11:00,7,1,0.7777777777777777,0.5264900662251684,0.487577639751553,0.19540229885057475,0.6000000000000001,0,0.9221849990257311,0,0,0,17
1.0000000000000002,美食林肠粉,2023-04-04,17:27:00,2,0,0.5555555555555556,0.70860927152318,0.6770186335403707,0.09195402298850575,0.4,0,0.9289837754337924,1,1,0,25
0.10394265232974911,学苑食堂副食三组,2023-04-05,11:39:00,3,1,0.5925925925925926,0.56291390728477,0.5372670807453375,0.12643678160919541,0.1,0,0.9315474024495387,1,1,0,24
0.21146953405017924,美食林肠粉,2023-04-05,17:25:00,3,1,0.5925925925925926,0.4635761589403984,0.4409937888198776,0.08045977011494254,0.2,1,0.9323596871999484,1,1,0,25
0.3548387096774194,美食林铁锅焖面,2023-04-06,11:45:00,4,0,0.611111111111111,0.29801324503311477,0.28260869565217206,0.103448275862069,0.2,0,0.9349420953659973,0,1,1,47
0.2591397849462366,美食林小猪憨尼麻辣烫,2023-04-06,17:22:00,4,0,0.5925925925925926,0.2483443708609272,0.23602484472049667,0.103448275862069,0.2,0,0.9357332513223184,0,1,1,0
0.5519713261648747,美食林阿咪酱骨扒肉,2023-04-07,10:41:00,5,0,0.4629629629629629,0.337748344370862,0.33229813664596364,0.19540229885057475,0.8,0,0.9381724532173337,0,0,0,12
0.46953405017921146,紫丁香餐吧机器人收银组,2023-04-07,18:00:00,5,0,0.42592592592592593,0.3576158940397356,0.354037267080745,0.3218390804597701,0.4,0,0.9392030688399586,0,0,0,3
0.18799283154121865,美食林小猪憨尼麻辣烫,2023-04-08,17:27:00,6,1,0.611111111111111,0.3741721854304636,0.354037267080745,0.06896551724137934,0.5,0,0.9425062036487191,0,0,0,0
0.09856630824372761,阳光副食二组,2023-04-09,11:56:00,7,1,0.7592592592592593,0.16225165562913801,0.14285714285714235,0.14942528735632182,1.0,0,0.9451097406088422,0,0,0,15
0.05017921146953405,学苑食堂副食一组,2023-04-10,07:47:00,1,0,0.6481481481481481,0.05298013245033317,0.046583850931675386,0.43678160919540227,0.9,0,0.9479057843595342,0,1,0,2
0.005376344086021501,学苑食堂香恋香拌砂锅,2023-04-11,11:26:00,2,0,0.611111111111111,0.0,0.0,0.14942528735632182,0.7000000000000001,0,0.9518005254026889,1,1,0,9
0.16362007168458784,阳光副食二组,2023-04-11,18:08:00,2,0,0.4444444444444444,0.1390728476821188,0.14285714285714235,0.4942528735632184,0.5,0,0.9527442782051878,1,1,0,15
0.08064516129032259,学苑食堂副食三组,2023-04-12,07:56:00,3,0,0.48148148148148145,0.18874172185430282,0.1894409937888213,0.3333333333333333,0.8,0,0.954688127261079,1,1,0,24
0.31899641577060933,学院食堂陕西名小吃,2023-04-12,17:55:00,3,0,0.5555555555555556,0.2715231788079464,0.2608695652173907,0.13793103448275862,0.4,0,0.9560943658896832,1,1,0,13
0.04838709677419356,学苑食堂包子,2023-04-14,11:43:00,5,0,0.6296296296296295,0.513245033112586,0.487577639751553,0.19540229885057475,0.2,0,0.9619822565082643,1,0,0,17
0.19354838709677422,学苑食堂包子,2023-04-15,11:55:00,6,1,0.6481481481481481,0.2781456953642376,0.2608695652173907,0.22988505747126436,0.5,0,0.9653910352874391,0,0,0,17
0.1756272401433692,美食林老上客砂锅,2023-04-15,17:20:00,6,1,0.6481481481481481,0.20198675496688878,0.1894409937888213,0.1724137931034483,0.5,0,0.9661540195183136,0,0,0,16
0.42652329749103945,美食林阿咪酱骨扒肉,2023-04-16,11:46:00,7,1,0.6481481481481481,0.225165562913908,0.2111801242235991,0.35632183908045983,0.4,0,0.9687505135470786,0,0,0,12
0.1756272401433692,学苑食堂香恋香拌砂锅,2023-04-16,17:26:00,7,1,0.6296296296296295,0.25165562913907635,0.23602484472049667,0.39080459770114945,0.7000000000000001,0,0.9695487124347721,0,0,0,9
0.39336917562724016,学苑食堂副食三组,2023-04-19,12:21:00,3,0,0.6851851851851851,0.20529801324503083,0.1894409937888213,0.20689655172413796,0.5,0,0.9789745022408312,1,1,0,24
0.17921146953405018,阳光副食二组,2023-04-19,17:42:00,3,0,0.7037037037037037,0.08278145695364358,0.0714285714285694,0.26436781609195403,0.4,0,0.9797280958965615,1,1,0,15
0.21559139784946238,美食林小猪憨尼麻辣烫,2023-04-20,16:57:00,4,0,0.5925925925925926,0.3476821192052988,0.33229813664596364,0.011494252873563232,1.0,0,0.9830030589798611,0,1,1,0
0.16129032258064516,阳光副食二组,2023-04-21,17:11:00,5,0,0.5740740740740741,0.56291390728477,0.5372670807453375,0.0,0.8,0,0.9864165330466079,1,0,0,15
0.539068100358423,民族餐厅铁板料理,2023-04-22,11:13:00,6,1,0.5925925925925926,0.7350993377483448,0.7018633540372647,0.06896551724137934,0.8,0,0.9889566836244796,0,0,0,19
0.6234767025089607,阳光副食二组,2023-04-22,17:23:00,6,1,0.5740740740740741,0.7350993377483448,0.7018633540372647,0.09195402298850575,0.7000000000000001,0,0.9898253118257969,0,0,0,15
0.03584229390681004,学苑食堂包子,2023-04-23,07:47:00,7,0,0.5185185185185185,0.85430463576159,0.8198757763975131,0.26436781609195403,0.6000000000000001,0,0.9918536760580281,0,0,0,17
0.20985663082437278,阳光副食二组,2023-04-23,11:23:00,7,0,0.5740740740740741,0.8576158940397356,0.8198757763975131,0.09195402298850575,0.9,0,0.9923607671160966,0,0,0,15
0.1756272401433692,学苑食堂副食三组,2023-04-23,18:30:00,7,0,0.537037037037037,0.8079470198675516,0.7732919254658377,0.11494252873563221,0.30000000000000004,0,0.9933632110132748,0,0,0,24
0.14157706093189965,学苑食堂副食三组,2023-04-24,11:41:00,1,0,0.6666666666666666,0.692052980132452,0.6552795031055894,0.011494252873563232,0.7000000000000001,0,0.9957836317579876,0,1,0,24
0.2732974910394266,美食林小猪憨尼麻辣烫,2023-04-24,17:12:00,1,0,0.6666666666666666,0.5927152317880804,0.5590062111801224,0.011494252873563232,0.5,0,0.9965607018515925,0,1,0,0
0.16738351254480288,阳光副食二组,2023-04-25,11:47:00,2,0,0.537037037037037,0.3178807947019884,0.30745341614906607,0.6091954022988506,1.0,0,0.9991783246744461,1,1,0,15
0.7663082437275986,美食林小猪憨尼麻辣烫,2023-04-25,17:37:00,2,0,0.4444444444444444,0.3609271523178812,0.354037267080745,1.0,0.30000000000000004,0,1.0,1,1,0,0
